"Obligation employeur (ancien agent) ?","Transmettre très rapidement l'attestation d'assurance chômage."
"Obligation transmission électronique ?","Employeurs d'au moins 11 salariés vers Pôle emploi."
"Décision de Pôle emploi en cas de compétence publique ?","Notification d'une décision de rejet pour compétence du secteur public."
"Contenu décision de rejet (nom) ?","Nom de l'employeur public désigné compétent."
"Contenu décision de rejet (éléments) ?","Date d'inscription, examen, fin de contrat, période de référence, durée d'emploi."
"Rôle de Pôle emploi sur les conditions d'ouverture ?","N'étudie pas les conditions d'ouverture de droit (ex: chômage involontaire)."
"Document joint à la décision de rejet (1) ?","Demande d'attestation mensuelle d'actualisation (DAMA)."
"Utilité de la DAMA ?","L'employeur y atteste ses coordonnées pour recevoir l'AMA mensuelle."
"Document joint à la décision de rejet (2) ?","Fiche de liaison à remplir par l'employeur."
"Flexibilité modèle d'attestation ?","L'employeur peut utiliser un autre modèle que la fiche de liaison."
"Contexte d'attestation épuisement du droit ?","Pour l'examen du rechargement par Pôle emploi."
"Éléments pour attestation épuisement ?","Éléments du droit et date du dernier jour indemnisé en ARE."
"Contexte attestation éléments du droit ?","Pour l'examen du droit d'option par Pôle emploi."
"Contexte attestation refus reprise de droit ?","Pour le réexamen de la situation par Pôle emploi (délai de déchéance)."
"Éléments pour attestation refus reprise ?","Éléments du droit à l'inscription."
"Contexte attestation refus de rechargement ?","Pour l'examen du droit à l'ASS ou à la rémunération de fin de formation."
"Élément requis pour refus de rechargement ?","Préciser le motif de rejet."
"Cas de demande d'éléments par Pôle emploi (1) ?","Adhésion au contrat de sécurisation professionnelle (CSP)."
"Cas de demande d'éléments par Pôle emploi (2) ?","Éligibilité à l'allocation des travailleurs indépendants (ATI)."
"Obligation mensuelle du demandeur d'emploi ?","Actualiser sa situation auprès de Pôle emploi."
"But de l'actualisation mensuelle ?","Maintenir l'inscription et déclarer les événements (formation, reprise, etc.)."
"Destinataire de l'AMA ?","L'employeur public désigné compétent."
"Définition de l'AMA ?","Attestation mensuelle d'actualisation."
"Contenu de l'AMA (dates) ?","Dates d'inscription, dates et éléments déclarés, date de cessation d'inscription."
"Contenu de l'AMA (sanction) ?","Date, motif de décision et sanction à appliquer par l'employeur."
