"Taux d'emploi obligatoire handicap ?","Au moins 6 % pour tout employeur de plus de 20 ETP."
"Sanction si taux < 6 % ?","Versement d'une contribution financière au FIPHFP."
"Limites d'âge et handicap ?","Les limites d'âge supérieures ne sont pas opposables."
"Délai certificat médical concours ?","À établir au moins 6 mois avant les épreuves."
"Délai transmission certificat médical ?","Au moins 3 semaines avant les épreuves."
"Recrutement article 27 loi 1984 ?","Recrutement sur contrat pour personnes handicapées (catégories A, B, C)."
"Objectif apprentis handicap (CIH) ?","Au moins 6 % d'apprentis handicapés par campagne de recrutement."
"Fin dispositif apprentis titularisation ?","6 août 2025 (fin de l'expérimentation, pérennisation envisagée)."
"Détachement niveau supérieur handicap ?","Voie dérogatoire jusqu'au 31 décembre 2026."
"Analyse de poste : utilité ?","Identifier missions, tâches et besoins de compensation."
"Mention recommandée sur offre ?","Indiquer les dispositifs spécifiques de recrutement handicap."
"Secret médical et handicap ?","Aucune obligation de divulguer la nature du handicap."
"Rôle du tuteur ?","Accompagner et guider l'agent durant les premières semaines."
"Étape 'Ouverture de poste' : délai ?","Respect d'un délai d'un mois entre publication et décision."
"Étape 'Sourcing' : objectif ?","Identifier des profils répondant à des critères précis."
"Publication obligatoire recrutement ?","Sur la Place de l'Emploi Public (PEP)."
"Nombre membres instance collégiale ?","Au moins 3 personnes (dont 1 extérieure et 1 responsable)."
"Recrutement emplois de direction ?","Décret n° 2019-1594 du 31 décembre 2019."
"Éléments obligatoires offre direction ?","Fonctions, compétences, expériences, rémunération (plancher/plafond) et modalités."
"Recrutement contractuels permanents ?","Article 15 de la loi du 6 août 2019."
"Priorité recrutement contractuel ?","Le recrutement de fonctionnaires reste la priorité."
"Délai de vérification recevabilité ?","30 jours après la date limite de candidature."
"Outil mobilité cadres supérieurs ?","Système d'information VINCI (CVthèque interministérielle)."
"Définition 'Softskills' ?","Compétences comportementales (empathie, gestion du stress, etc.)."
"Définition 'Onboarding' ?","Processus d'accueil et d'intégration des nouveaux salariés."
