"Délai de décision démission État ?","4 mois (art. 58 décret 16/09/1985)."
"Conséquence silence administration démission ?","Décision implicite de refus de statuer."
"Démission irrévocable quand ?","Dès son acceptation par l'autorité."
"Délai de décision démission territoriale ?","1 mois."
"Délai de décision démission hospitalière ?","1 mois."
"Délai de retrait démission (Jenkins) ?","Impératif (4 mois), sinon dessaisissement."
"Droit de retrait démission ?","Possible tant que non acceptée."
"Indemnité rupture engagement ?","Due si l'agent part avant la fin de son engagement."
"Délai d'activité lucrative après démission ?","3 ans (art. 25 octies loi 13/07/1983)."
"Condition de cumul emploi partiel ?","Autorisation du chef de service (sauf motif de droit)."
"Motifs de droit temps partiel ?","Enfant < 3 ans, proche handicapé/malade, ou agent handicapé."
"Critère abandon de poste ?","Rupture du lien avec le service."
"Condition de régularité radiation abandon ?","Mise en demeure écrite notifiant le risque de radiation."
"Délai mise en demeure abandon ?","Délai approprié fixé par l'administration."
"Radiation injustifiée abandon ?","Droit à indemnisation (sans vérifier le fond)."
"Limite d'âge retraite ?","Règle de radiation des cadres si dépassée."
"Limite d'âge contrôleurs aériens ?","57 ans (justifiée par contraintes opérationnelles)."
"Âge limite nomination présidents AAI ?","69 ans (loi 06/08/2019)."
"Temps de travail effectif définition ?","Temps où l'agent est à la disposition de l'employeur."
"Base annuelle travail effectif ?","1 607 heures (hors heures supplémentaires)."
"Amplitude horaire maximale ?","12 heures (fonction publique hospitalière)."
"Délai prescription répétition indu ?","2 ans (art. 37-1 loi 12/04/2000)."
"Exception prescription répétition indu ?","5 ans si erreur de situation personnelle/familiale."
"Champ d'application répétition indu ?","Uniquement la rémunération (pas l'indemnisation)."
"Délai retrait décision créatrice droits ?","4 mois (art. L. 242-1 CRPA)."
