"Origine du statut (XIXe) ?","Lois visant à accroître les protections, ex: loi du 22 avril 1905."
"Nature du lien juridique initial ?","Rapport contractuel (mandat, louage de services ou contrat de droit public)."
"Arrêt fondateur de 1937 ?","CE 22 oct. 1937, Delle Minaire : situation statutaire et réglementaire."
"Premier statut de la fonction publique ?","Loi du 14 septembre 1941 (abrogée en 1944)."
"Création de l'ENA et direction de la fonction publique ?","Ordonnance n° 45-2283 du 9 octobre 1945."
"Premier statut législatif général ?","Loi n° 46-2294 du 19 octobre 1946."
"Principe de l'État unitaire (1946) ?","Choix du système de la carrière plutôt que de l'emploi."
"Constitution de 1958 (art. 34) ?","La loi fixe les règles détaillées ou les principes fondamentaux."
"Constitution de 1958 (art. 37) ?","Institue un pouvoir réglementaire autonome."
"Ordonnance de réforme du statut ?","Ordonnance n° 59-244 du 4 octobre 1958."
"Lois 'Le Pors' (années 1980) ?","Quatre lois (1983-1986) créant l'unité des trois versants."
"Loi n° 83-634 (13 juillet 1983) ?","Droits et obligations des fonctionnaires (communs aux 3 versants)."
"Loi n° 84-16 (11 janvier 1984) ?","Dispositions statutaires de la fonction publique de l'État (FPE)."
"Loi n° 84-53 (26 janvier 1984) ?","Dispositions statutaires de la fonction publique territoriale (FPT)."
"Loi n° 86-33 (9 janvier 1986) ?","Dispositions statutaires de la fonction publique hospitalière (FPH)."
"Principe de recrutement des emplois permanents ?","Recrutement de titulaires (sauf dérogation législative)."
"Loi de précarisation des contractuels (2005) ?","Loi n° 2005-843 : CDI obligatoire après 6 ans de CDD sur emploi permanent."
"Loi de transformation de la fonction publique ?","Loi n° 2019-828 du 6 août 2019."
"Entrée en vigueur du CGFP ?","1er mars 2022 (ordonnance du 24 novembre 2021)."
"Définition de l'agent public (art. L. 7) ?","Désigne le fonctionnaire et l'agent contractuel."
"Principe de séparation grade/emploi (art. L. 411-5) ?","Le grade est le titre qui confère la vocation à occuper un emploi."
"Obligation de neutralité (art. L. 121-2) ?","Respect du principe de laïcité et abstention de manifester ses convictions."
"Définition conflit d'intérêts (art. L. 121-5) ?","Interférence entre intérêt public et intérêts privés pouvant influencer l'exercice des fonctions."
"Limites de l'obéissance hiérarchique ?","Ordre manifestement illégal ET compromettant gravement un intérêt public."
"Obligation de secret vs discrétion ?","Secret : règles pénales (sensible) ; Discrétion : secrets administratifs (gestion)."
