"Base légale rémunération ?","Titre Ier du Livre VII du CGFP (art. L. 711-1 à L. 716-1)."
"Composantes rémunération fonctionnaire (art. L. 712-1) ?","Traitement, indemnité de résidence, supplément familial de traitement, primes et indemnités."
"Base rémunération contractuels (art. L. 713-1) ?","Fonctions, qualification, expérience, résultats professionnels et collectifs."
"Composantes avancement (art. L. 522-1) ?","Échelon et grade."
"Avancement d'échelon (art. L. 522-2) ?","De plein droit, par ancienneté, entraîne augmentation de traitement."
"Calcul traitement brut mensuel ?","Valeur du point d'indice × indice majoré."
"Valeur point d'indice (depuis 01/07/2023) ?","4,92 €."
"Calcul indemnité de résidence (IR) ?","Taux de 0 %, 1 % ou 3 % appliqués au traitement brut."
"Calcul SFT (1 enfant) ?","Part fixe de 2,29 €."
"Calcul SFT (2 enfants) ?","Part fixe de 10,67 € + part proportionnelle de 3 %."
"Calcul SFT (3 enfants) ?","Part fixe de 15,24 € + part proportionnelle de 8 %."
"Objectif de la GIPA ?","Compenser la perte de pouvoir d'achat si le TIB évolue moins vite que l'inflation sur 4 ans."
"Éligibilité GIPA (grade) ?","Grade dont l'indice sommital est ≤ hors échelle B (HEB)."
"Montant indemnité télétravail (depuis 01/01/2023) ?","2,88 € par jour, max 253,44 €/an."
"Prise en charge transports domicile-travail ?","75 % du tarif depuis le 1er septembre 2023 (50 % auparavant), dans la limite d'un plafond mensuel."
"Montant FMD (30 à 59 jours de vélo/covoiturage) ?","100 € par an."
"Montant FMD (60 à 99 jours de vélo/covoiturage) ?","200 € par an."
"Montant FMD (≥ 100 jours de vélo/covoiturage) ?","300 € par an."
"Définition NBI ?","Points d'indice majoré pour technicité, sujétions ou responsabilités particulières."
"Montant CTI (au 01/07/2023) ?","49 points majorés, soit 241,08 € bruts (191,42 € nets)."
"Composition du RIFSEEP ?","IFSE (fixe) et CIA (variable)."
"Critères IFSE ?","Encadrement/conception, technicité/expertise, sujétions/exposition."
"Définition CIA ?","Complément indemnitaire annuel lié à l'engagement et la manière de servir."
"Montant ISOE part fixe (au 01/07/2022) ?","104,67 € mensuels."
"Objectifs PIPC (4 catégories) ?","Politiques publiques, maîtrise des coûts, gestion RH, développement durable."
