"Article 61 (danger grave) ?","Mise à disposition du registre spécial de signalement auprès des membres de la FS."
"Article 62 (installations) ?","Information de la FS sur les documents des installations soumises à autorisation (art. L. 512-1 code env.)."
"Jeunes 15-18 ans (dérogations) ?","La FS est informée des dérogations pour travaux réglementés (décret n° 82-453)."
"Médecine du travail (non-renouvellement) ?","L'administration informe la FS des raisons du changement d'organisation du service."
"Médecine du travail (refus d'aménagement) ?","La FS est informée par l'administration des refus d'aménagements de poste."
"Médecine du travail (refus prélèvements) ?","La FS est informée du refus motivé de l'administration de procéder à des analyses."
"Rapport annuel médecin du travail ?","Examen par la FS (art. 58) et transmission au chef de service et à la FS."
"Fiche risques professionnels ?","Transmise à la FS en même temps que le rapport annuel du médecin du travail."
"Rapport de visite de la délégation ?","Établi par la délégation de la FS et présenté à la formation spécialisée (art. 63)."
"Conclusions d'enquête (art. 64) ?","La FS est informée des conclusions et des suites données à chaque enquête."
"Accès au Rapport Social Unique (RSU) ?","La FS a accès aux informations SST contenues dans le RSU (art. 72)."
"Suivi médical post-professionnel CMR ?","Bilan annuel présenté devant la FS ou le CSA (décret n° 2015-567)."
"Inspection commune préalable (date) ?","La FS est informée au plus tard 3 jours avant (ou sur le champ en urgence)."
"Plan de prévention (accès) ?","Doit être tenu à la disposition de la formation spécialisée (art. R. 4514-2)."
"Rôle de la FS (analyse) ?","Analyser les risques et proposer des mesures de prévention (art. 60, 73, 56, 74)."
"Facteurs de risques (art. L. 4161-1) ?","Manutention, postures, vibrations, agents chimiques, bruit, travail de nuit, etc."
"Participation à l'inspection commune ?","La FS peut charger ses membres de participer et d'émettre un avis (art. 56)."
"Rôle d'alerte (santé publique) ?","Alerter l'employeur en cas de risque grave pour la santé publique ou l'environnement (art. L. 4133-2)."
"Audition chef d'établissement voisin ?","La FS peut l'auditionner en cas de nuisances particulières (art. 65)."
"Visite des services (finalité) ?","Analyser in situ les conditions matérielles et les risques professionnels (art. 63)."
"Enquête accident grave (art. 64) ?","Réunion de la FS dans les plus brefs délais et enquête par une délégation."
"Danger grave et imminent (alerte) ?","Consignation dans un registre spécial et enquête immédiate par le chef de service."
"Demande d'expertise (art. 66) ?","Le président de la FS peut recourir à un expert certifié en cas de risque grave."
"Nombre de réunions CSA (avec FS) ?","Au moins 2 réunions par an."
"Nombre de réunions FS ?","Au moins 1 réunion par an."
