"Objectif de l'ingrédient 3 ?","Mixer bilan du parcours et projection d'avenir."
"Trois itinéraires de questionnement ?","1. Parcours, 2. Compétences, 3. Motivation/valeurs."
"Composition du parcours professionnel ?","Expériences, situations vécues, formation et expériences extra/para-professionnelles."
"Deux besoins de l'interrogation du parcours ?","Projection (définir l'avenir) et Communication (construire le récit)."
"Qu'est-ce qu'une mission ?","La charge qui est confiée."
"Qu'est-ce qu'une activité ?","Ensemble des actions dirigées vers la réalisation de la mission."
"Qu'est-ce qu'une tâche ?","Opération élémentaire pour une activité donnée."
"Quatre étapes de l'itinéraire 1 ?","1. Reconstituer, 2. Faire le bilan, 3. Qualifier, 4. Identifier des pistes."
"Quatre étapes de l'itinéraire 2 ?","1. Repérer/démontrer, 2. Formuler, 3. Hiérarchiser/valoriser, 4. Formaliser."
"Trois étapes de l'itinéraire 3 ?","1. Détecter, 2. Comparer, 3. Formaliser."
"Définition d'une compétence ?","Combinaison de connaissances, savoir-faire et savoir-être pour agir efficacement."
"Définition du savoir-faire ?","Compétence technique et opérationnelle (hard skills)."
"Définition du savoir-être ?","Capacité à se comporter de manière adaptée (soft skills)."
"Quatre niveaux de maîtrise (Outil E) ?","Notions, Application, Maîtrise, Expertise."
"Définition de l'expertise ?","Référence dans l'organisation, capable de faire évoluer et transmettre."
"Définition de la motivation ?","Combinaison de leviers personnels donnant du sens aux missions."
"Définition des valeurs de travail ?","Socle de convictions personnelles orientant les agissements."
"Rôle du préfigurateur ?","Définir, tester et formaliser un projet de mobilité réaliste."
"Trois questions clés du préfigurateur ?","Quoi faire ? (aspirations), Quoi pouvoir faire ? (faisabilité), Quoi décider ? (validation)."
"Trois critères de faisabilité ?","Réaliste, Réalisable, Faisable."
"Définition d'un projet réaliste ?","Adéquation profil/poste, gestion des écarts, contraintes personnelles et tendance métier."
"Définition d'un projet réalisable ?","Correspond à un besoin des employeurs et au bassin d'emplois."
"Utilité de la veille métier ?","Sécuriser le projet, être crédible et préparer l'entretien."
"Objectif de l'écart de compétences ?","Le réduire ou le combler via la formation."
