"Objectif du management visuel ?","Suivi participatif via un support accessible (tableau, mur, digital)."
"Rubriques types du management visuel ?","Sujets en cours, choses à faire, événements, infos à partager."
"Méthode de mise en œuvre visuelle ?","Itérative : support, rubriques, création, test et adaptation."
"Levier de simplification des processus ?","Supprimer étapes redondantes ou dématérialiser documents."
"Marqueurs de la culture d'équipe ?","Confiance, autonomie, responsabilisation, agilité, communication fluide."
"Rituel d'inclusion en réunion ?","Tour de table exprimant l'état d'esprit du jour."
"Rôle du 'Je prends des nouvelles' ?","Renforcer la cohésion en prenant des nouvelles des collègues."
"Rôle du 'J'organise la convivialité' ?","Mettre en place des rituels (ex: café du vendredi)."
"Rôle du 'Je suis en veille' ?","Améliorer les pratiques du travail mixte."
"Rôle du 'Je lance des initiatives' ?","Améliorer les espaces de travail."
"Règle SMART pour objectifs ?","Simples, Mesurables, Acceptables, Réalistes, Temporels."
"Action manager pour équité urgence ?","Solliciter sans distinction présentiel ou distance."
"Principe du feedback constructif ?","Distinguer faits, interprétations et émotions."
"Canal pour sujet délicat ?","Appel téléphonique (de préférence de vive voix)."
"Canal pour sujet de fond ?","Email (pour laisser une trace écrite)."
"Canal pour échange rapide (< 2 pers) ?","Messagerie instantanée."
"Règle d'or réunion à distance ?","Préparer contenu, vérifier outils, qualité échanges, suivi."
"Réunion mixte : réflexe organisateur ?","Donner la parole à tous, y compris à distance."
"Réunion mixte : réflexe participant ?","Se connecter en avance et couper le micro si on ne parle pas."
"Risque de la communication en temps réel ?","Stress dû aux notifications incessantes."
"Risque majeur du télétravail ?","Isolement professionnel."
"Outil de messagerie instantanée État ?","Tchap."
"Plateforme de partage documents État ?","Resana."
"Outil d'évaluation compétences numériques ?","Pix."
"Approche A éligibilité télétravail ?","Analyse par critères d'éligibilité des tâches."
