"Pourcentage de femmes dans la fonction publique ?","63 %"
"Accord majeur sur l'égalité professionnelle ?","30 novembre 2018"
"Loi sur l'accès des femmes aux responsabilités ?","Loi n° 2023-623 du 19 juillet 2023"
"Article du CGFP sur les plans d'action ?","Article L. 132-4"
"Durée maximale d'un plan d'action ?","3 ans renouvelables"
"Quatre axes obligatoires des plans d'action ?","Rémunération, accès aux emplois, vie perso-pro, lutte contre les discriminations/violences"
"Nombre de projets soutenus par le fonds dédié ?","Près de 460"
"Missions Vigisexisme et Vigisouffrance ?","Services du Premier ministre (SPM)"
"Référents égalité : obligation de formation ?","Oui, ils doivent obligatoirement être formés"
"Nombre de référents au MEAE ?","239"
"Nombre de référents au Ministère des Armées ?","1 200"
"Nombre de référents au Ministère de l'Intérieur ?","Près de 1 293"
"Composition idéale d'un binôme de référents (Armées) ?","Un civil et un militaire, un homme et une femme"
"Rôle de l'OGED ?","Observatoire de la gendarmerie pour l'égalité et contre les discriminations"
"Date de création du label égalité professionnelle ?","2004"
"Date de création du label diversité ?","2008"
"Nombre de structures avec le label Alliance en août 2024 ?","45"
"Objectif des Prépas Talents ?","Lutter contre l'autocensure et diversifier la haute fonction publique"
"Répartition F/H Prépas Talents (2021-2022) ?","61 % femmes / 39 % hommes"
"Taux d'admission moyen Prépas Talents (2021-2022) ?","27 %"
"Répartition F/H Prépas Talents (2022-2023) ?","59 % femmes / 41 % hommes"
"Taux d'admission moyen Prépas Talents (2022-2023) ?","29 %"
"Taux d'emploi obligatoire des travailleurs handicapés ?","6 %"
"Taux d'emploi handicap (global) en 2023 ?","5,66 %"
"Part des femmes parmi les bénéficiaires BOETH en 2023 ?","68 %"
