"Définition LGBTphobie ?","Attitude négative envers les personnes lesbiennes, gays, bisexuelles ou transgenres."
"Définition identité de genre ?","Sentiment d'appartenir au genre féminin ou masculin."
"Définition cisgenre ?","Identité de genre qui coïncide avec le sexe biologique."
"Définition transgenre ?","Sexe biologique ne correspondant pas à l'identité de genre."
"Terme à éviter pour les personnes trans ?","Transsexuel (considéré comme stigmatisant et transphobe)."
"Victimes LGBT+ au travail (Baromètre 2022) ?","3 personnes sur 10 ont subi au moins une agression."
"Visibilité des LGBT+ au travail ?","Seule une personne sur deux est visible."
"Créateur de la Charte d'engagement LGBT+ ?","L'association L'Autre Cercle (créée en 2012)."
"Impact Charte sur la visibilité ?","66% de visibilité contre 50% dans les autres organismes."
"Dispositif de signalement obligatoire ?","Article L. 135-6 du code général de la fonction publique."
"Application de signalement FLAG! ?","Plateforme pour victimes et témoins de violences LGBTphobes."
"Qui peut saisir le Défenseur des droits ?","Toute personne gratuitement pour discrimination ou harcèlement."
"Peine discrimination (personne physique) ?","3 ans d'emprisonnement et 45 000 euros d'amende."
"Peine injure publique LGBTphobe ?","1 an d'emprisonnement et 45 000 euros d'amende."
"Peine injure non publique LGBTphobe ?","Contravention de 1 500 euros maximum."
"Peine refus service (agent public) ?","5 ans d'emprisonnement et 75 000 euros d'amende."
"Sanction pour comportement inadapté (exemple) ?","Exclusion temporaire de fonctions (ex: 2 ans avec sursis)."
"Recommandation DDD sur le prénom ?","Utiliser le prénom choisi et modifier le titre de civilité."
"Mission de la DILCRAH ?","Lutte contre le racisme, l'antisémitisme et la haine anti-LGBT+."
"Rôle de la CNCDH ?","Conseil au Gouvernement et contrôle des engagements internationaux."
"Objectif du Label Diversité ?","Prévenir les discriminations et promouvoir la diversité (créé en 2008)."
