"Responsabilité sans faute (agent) ?","Indemnisation des préjudices patrimoniaux (hors carrière) et non-patrimoniaux."
"Préjudices non-patrimoniaux indemnisables ?","Déficits fonctionnels, esthétiques, souffrances, agrément, sexuel et établissement."
"Jurisprudence tentative de suicide (Bordeaux) ?","CAA de Bordeaux, 24 mars 2022, n° 19BX04488."
"Indemnité globale (EHPAD Bordeaux) ?","10 000 euros (déficit fonctionnel, existence, souffrances)."
"Ayants droit (tentative de suicide) ?","Non indemnisés si absence de faute de l'établissement."
"Ayants droit (suicide imputable) ?","Indemnisés pour préjudices patrimoniaux et personnels (préjudice d'affection)."
"Jurisprudence suicide ayants droit (Bordeaux) ?","CAA de Bordeaux, 11 juillet 2023, n° 21BX02558."
"Indemnité décès (veuve et 2 enfants) ?","Frais obsèques + 25 000 € (veuve) et 20 000 € chacun (enfants)."
"Indemnisation harcèlement (sans faute) ?","Indemnisation intégrale possible même sans faute de l'administration."
"Responsabilité en cas de faute ?","Réparation intégrale (inclut préjudice professionnel et carrière)."
"Exemples de faute de l'administration ?","Manquement à l'obligation de sécurité (Art. 4121-1 Code travail) ou abstention fautive."
"Indemnisation agents non fonctionnaires ?","Code de la sécurité sociale limite l'action au droit commun (sauf faute intentionnelle)."
"Protection fonctionnelle (agents publics) ?","Obligation de l'employeur de réparer les préjudices liés aux violences ou harcèlement."
"Sanction disciplinaire (fonctionnaire faute grave) ?","Suspension (maintien du traitement, décision sous 4 mois)."
"Délai de prescription disciplinaire ?","3 ans après connaissance des faits (Art. L. 532-2 CGFP)."
"Sanctions groupe 1 (fonctionnaire) ?","Avertissement, blâme, exclusion temporaire (max 3 jours)."
"Sanctions groupe 4 (fonctionnaire) ?","Mise à la retraite d'office, révocation."
"Sanctions PU-PH et MCU-PH ?","7 sanctions (dont exclusion temporaire max 3 ans)."
"Autorité disciplinaire praticiens hospitaliers ?","Directeur général du CNG."
"Sanctions praticiens hospitaliers ?","Avertissement, blâme, réduction ancienneté, suspension (max 6 mois), mutation, révocation."
"Protection pénale de l'agent ?","L'administration doit protéger l'agent si pas de faute personnelle détachable."
"Homicide involontaire (Code pénal) ?","Art. 221-6 : 3 ans de prison et 45 000 € d'amende."
"Délit de harcèlement (Code pénal) ?","Art. 222-33-2 : 2 ans de prison et 30 000 € d'amende."
"Mise en danger d'autrui (Code pénal) ?","Art. 223-1 : 1 an de prison et 15 000 € d'amende."
"Numéro national prévention suicide ?","3114."
