"DDFiP Aubetin : date affectation Durand ?","1er septembre 2019"
"DDFiP Aubetin : création SIE Vouray ?","1er janvier 2021"
"DDFiP Aubetin : vacances postes B ?","19 avant mouvement national"
"Priorité handicap : type de priorité ?","Priorité absolue (même en surnombre)"
"Priorité handicap : statut si surnombre ?","ALD local"
"Priorité réorganisation : niveau 1 ?","Suivre son emploi et ses missions"
"Priorité réorganisation : niveau 2 ?","Maintien dans le service d'origine"
"Priorité rapprochement familial : portée ?","Sur la commune du fait générateur"
"Critère de départage des vœux ?","Ancienneté administrative"
"Déménagement Nouvelle-Meuse : date ?","1er janvier 2021"
"Déménagement Nouvelle-Meuse : date note ?","26 novembre 2019"
"Cité administrative : ratio SUB/poste ?","Plafond de 20m² (18m² si neuf/tendu)"
"Cité administrative : durée convention ?","9 années entières et consécutives"
"Démarche EcoFIP : objectif ?","Démarche écoresponsable"
"Basse-Meuse : problème transport ?","Offre réduite et peu satisfaisante"
"TBVS : ratio de 1 signifie ?","Résultat proche de la moyenne DGFiP"
"TBVS : indicateur risque psychosocial ?","Multiplication congés maladie < 5 jours"
"TBVS : indicateur surcharge travail ?","Augmentation alimentation CET"
"SGC Pays du Roi : nombre sites ?","3 (Neuville sur Roi, Villeroy, Lareine)"
"SGC Mont Merveilleux : fusion de ?","3 trésoreries (Mont Merveilleux, Roche Noire, Mer Verte)"
"Prime restructuration : distance < 10km ?","0€ si sans changement de résidence"
"Prime restructuration : distance 10-19km ?","2 500€ (sans changement de résidence)"
"SGC Garonne-et-Ouest : taux télétravail 2023 ?","71,60 %"
"SGC Garonne-et-Ouest : taux rotation 2023 ?","7,60 %"
