"Risque d'un conflit non géré ?","Bombe à retardement (mésententes, ambiance dégradée, climat toxique)."
"Conflit de méthode ?","Divergence sur les processus de réalisation des tâches."
"Conflit d'intérêt ?","Priorité au bénéfice propre ou convoitise du même objectif."
"Conflit de rôle ?","Périmètres mal définis ou répartition déséquilibrée de la charge."
"Conflit de valeur ?","Divergence de vision ou de perception du monde."
"Conflit de génération ?","Différences de méthodes, communication et approches professionnelles."
"Erreur de gestion temporelle ?","Laisser faire le temps."
"Levier de prévention individuel ?","Comprendre et analyser ses propres émotions."
"Comportement : évitement ?","Signe annonciateur de tensions."
"Comportement : acceptation passive ?","Signe annonciateur de tensions."
"Comportement : compétition ?","Signe annonciateur de tensions."
"Comportement : défensive ?","Signe annonciateur de tensions."
"Comportement : opposition permanente ?","Signe annonciateur de tensions."
"Comportement : mauvaise volonté ?","Signe annonciateur de tensions."
"Comportement : renoncement ?","Signe annonciateur de tensions."
"Comportement : absence ?","Signe annonciateur de tensions."
"Comportement : négociation permanente ?","Signe annonciateur de tensions."
"Utilité du compte rendu ?","Vision individuelle/collective et limitation des frustrations."
"Objectif de la CNV ?","Établir des relations saines via la bienveillance."
"Les 4 étapes de la CNV ?","Observation, Sentiment, Besoin, Demande."
"Étape 1 de la CNV ?","Observation des faits sans jugement."
"Étape 2 de la CNV ?","Expression du sentiment sans accuser l'autre."
"Étape 3 de la CNV ?","Expression du besoin concret."
"Étape 4 de la CNV ?","Formulation d'une demande d'action positive."
"Rôle du manager en collectif ?","Modérateur des échanges et facilitateur de dialogue."
