"Avantage de l'écrit à distance ?","Explicite et structure les idées."
"Effet de la distance sur le statut ?","Atténue l'importance du statut et libère la parole."
"Risque évité par la distance ?","La pensée de groupe (autocensure)."
"Outil de suivi d'équipe recommandé ?","Un tableau de bord régulier sur base partagée."
"Fréquence réunion d'équipe conseillée ?","Un rendez-vous hebdomadaire."
"Management à distance recommandé ?","Management par objectifs et confiance."
"Règle de réponse aux courriels ?","Réponse sous 24h (avec accusé de réception)."
"Outil de communication synchrone ?","La visioconférence."
"Niveaux de prévention des risques ?","Primaire (élimination), secondaire (protection), tertiaire (réduction des effets)."
"Facteur de RPS (quantité) ?","Volume de tâches et temps de travail (heures sup, congés non pris)."
"Symptômes émotionnels de mal-être ?","Nervosité, larmes, angoisse, tristesse."
"Symptômes intellectuels de mal-être ?","Troubles de la concentration, oublis, erreurs."
"Symptômes physiques de mal-être ?","Douleurs musculaires, troubles du sommeil, maux de tête."
"Responsabilité de la sécurité ?","Partagée avec CHSCT, médecin de prévention, assistant/conseiller de prévention."
"Document obligatoire d'évaluation ?","Le DUERP."
"Rôle du manager face à la violence ?","Prévenir, accompagner, soutenir et protéger."
"Exemple d'incivilité ?","Impolitesse, attitude irrespectueuse, transgression de règles."
"Mesure de prévention accueil ?","Kit de communication ou référentiel Marianne."
"Procédure après agression physique ?","Dépôt de plainte et déclaration d'accident du travail."
"Protection fonctionnelle (loi 2016) ?","Élargie aux victimes d'atteintes à l'intégrité ou de harcèlement."
"Définition conflit vs problème ?","L'élément émotionnel."
"Harcèlement sexuel (Code pénal) ?","Article 222-33."
"Harcèlement moral (Code pénal) ?","Article 222-33-2."
"Sanctions disciplinaires (groupe 1) ?","Avertissement et blâme."
"Sanctions disciplinaires (groupe 4) ?","Mise à la retraite d'office et révocation."
