Comment est définie la suspension de la relation de travail ?;Toute période sans travail ni rémunération sans rupture du lien de travail;Une rupture définitive du contrat de travail par licenciement;Une période d'activité exercée pour un autre employeur;Une période de chômage indemnisée par l'employeur d'origine;2;La suspension implique le maintien du lien de travail malgré l'absence de travail et de salaire.
Quelle est la situation de l'agent en cas d'abandon de poste ?;Il est considéré en suspension de la relation de travail;Il est licencié et la période n'est pas comptée dans la durée d'emploi;Il conserve ses droits à l'indemnisation durant l'absence;Il est placé en disponibilité d'office par son administration;3;L'abandon de poste induit une rupture de la relation de travail qui se concrétise par un licenciement.
Quels critères qualifient la privation involontaire d'emploi pour un agent demandant sa réintégration ?;Fin de détachement par l'employeur d'accueil et refus de l'agent;Demande réglementaire et absence d'emploi vacant non voulue par l'agent;Absence de rémunération et volonté de l'agent de rester en disponibilité;Demande verbale et proposition d'un emploi de grade inférieur;3;La privation est involontaire si la demande respecte le statut et qu'aucun emploi vacant n'est proposé.
Quelle condition est indispensable pour qu'un agent en congé non rémunéré pour raison de santé bénéficie de l'ARE ?;Percevoir des indemnités journalières de sécurité sociale;Avoir déjà bénéficié d'un reclassement administratif;Être en période de disponibilité auprès de l'employeur d'origine;Être physiquement apte à exercer un emploi;5;L'agent doit être physiquement apte pour bénéficier de l'ARE car elle est un revenu de remplacement.
Quel est l'impact d'une période de disponibilité non rémunérée sur la durée d'affiliation ?;Elle n'est prise en compte que si l'agent a été indemnisé par l'employeur;Elle est totalement exclue de la période de référence et de la durée d'affiliation;Elle est incluse dans la période de référence mais pas dans la durée d'affiliation;Elle est comptabilisée intégralement dans la durée d'affiliation et d'emploi;4;La période est incluse dans la période de référence mais les périodes non rémunérées ne comptent pas pour la durée d'affiliation.
Quelle est la limite maximale du salaire de référence par rapport au plafond annuel de la sécurité sociale ?;Trois fois le plafond annuel de la sécurité sociale;Six fois le plafond annuel de la sécurité sociale;Deux fois le plafond annuel de la sécurité sociale;Quatre fois le plafond annuel de la sécurité sociale;5;Le salaire de référence ne peut dépasser quatre fois le plafond annuel de la sécurité sociale.
Parmi ces éléments de rémunération, lequel est explicitement exclu du calcul du salaire de référence ?;Le supplément familial de traitement;L'indemnité de résidence;Les avantages en nature;Les indemnités de licenciement;5;Les sommes liées à la rupture du contrat comme les indemnités de licenciement sont exclues.
Quel est le montant de la CSG prélevée sur le montant brut de l'ARE après abattement ?;6,2 %;0,5 %;2,8 %;3,8 %;2;La CSG de 6,2 % est prélevée sur le montant brut après abattement de 1,75 %.
Comment est calculée la durée de versement de l'ARE formation par rapport à l'ARE classique ?;Elle est réduite de moitié par rapport à l'ARE;Elle est deux fois supérieure à l'ARE;Elle est limitée à six mois par rapport à l'ARE;Elle est égale à la durée de l'ARE;5;La durée de versement de l'AREF est égale à celle de l'ARE.
Quel taux de cotisation de sécurité sociale s'applique aux allocataires fiscalement domiciliés hors de France ?;3,8 %;1,5 %;6,2 %;2,8 %;5;Les allocataires domiciliés hors de France sont soumis à une cotisation de 2,8 %.
Quel est le montant de l'aide versée sous forme de capital pour un agent créateur ou repreneur d'entreprise ?;50 pour cent du reliquat des droits;25 pour cent du reliquat des droits;75 pour cent du reliquat des droits;45 pour cent du reliquat des droits;5;L'aide à la reprise ou à la création d'entreprise correspond à 45 pour cent du reliquat des droits à chômage du demandeur.
Dans quel cas l'allocation chômage cesse-t-elle d'être versée pour un agent relevant d'un régime spécial ?;Lors de son départ en congé payé;Lors de la fin de son contrat de travail;Lors de l'atteinte de la limite d'âge statutaire;Lors de son inscription à Pôle emploi;4;Dans les régimes spéciaux de la fonction publique la limite d'âge vaut âge du taux plein et entraîne la cessation du versement.
Qu'est-ce que le différé d'indemnisation spécifique pour un agent de la fonction publique ?;Le report du point de départ dû à des indemnités supra-légales;Le délai d'attente obligatoire après l'inscription;Le délai de carence pour les agents retraités;La période de carence pour les nouveaux inscrits;2;Le différé spécifique reporte le point de départ de l'indemnisation lorsque des indemnités dont le montant ne résulte pas d'une disposition légale sont versées.
Combien de temps dure le maintien des droits aux prestations maladie après l'expiration des droits au chômage ?;12 mois;24 mois;18 mois;6 mois;2;Les bénéficiaires bénéficient du maintien de leurs droits pendant 12 mois après l'expiration de leurs droits au chômage.
Au régime général, combien de trimestres d'assurance sont validés par période de 50 jours indemnisés ?;Deux trimestres par année civile;Cinq trimestres par année civile;Quatre trimestres par année civile;Trois trimestres par année civile;4;La validation est limitée à quatre trimestres par année civile.
Quel organisme doit signaler les périodes de chômage aux caisses de retraite pour les employeurs en auto-assurance pure ?;Pôle emploi;La CNAV;L'employeur public;La CARSAT;4;Les employeurs en auto-assurance pure doivent signaler eux-mêmes les périodes de chômage aux CARSAT.
Que prévoit l'article L. 65 du code des pensions civiles et militaires de retraite pour un fonctionnaire sans pension de régime spécial ?;Une pension de retraite anticipée;Une affiliation rétroactive au régime général;Une prolongation de l'ARE;Une aide financière de l'État;3;L'article prévoit une affiliation rétroactive au régime général dans ce cas précis.
À l'Ircantec, quelle est la durée de validation gratuite possible pour une période de chômage sous réserve de carence ?;Deux ans;Six mois;Un an;Trois ans;4;Une période d'un an peut faire l'objet d'une validation gratuite sous réserve d'un délai de carence de trois mois.
Une activité bénévole est-elle autorisée pour un allocataire de l'ARE ?;Oui seulement si elle est rémunérée par l'organisme;Oui si elle est compatible avec la recherche d'emploi;Non car elle est considérée comme une activité professionnelle;Non car elle doit être effectuée chez l'ancien employeur;3;L'activité bénévole est autorisée à condition de ne pas se substituer à un emploi salarié et de rester compatible avec la recherche d'emploi.
Quelle est la limite de durée pour accomplir des tâches d'intérêt général rémunérées ?;50 heures par mois sur 12 mois maximum;80 heures par mois sur 6 mois maximum;50 heures par mois sur 6 mois maximum;80 heures par mois sur 12 mois maximum;4;Les tâches d'intérêt général peuvent être effectuées pour une durée maximale de 50 heures par mois sur 6 mois maximum si elles sont rémunérées.
Comment l'ARE est-elle impactée par une pension d'invalidité de première catégorie ?;Elle est supprimée au profit de la pension;Elle est divisée par deux par rapport à la pension;Elle est cumulée intégralement avec la pension;Elle est réduite du montant de la pension;4;L'allocataire bénéficiaire d'une pension de première catégorie peut cumuler intégralement l'ARE avec sa pension.
Quelle est la règle de cumul entre l'ARE et une pension de vieillesse pour les plus de 50 ans ?;L'ARE est réduite selon un pourcentage croissant avec l'âge;L'ARE est plafonnée au montant de la pension perçue;L'ARE est versée à taux plein sans réduction;L'ARE est supprimée dès le premier versement de la pension;2;L'ARE est réduite d'un pourcentage du montant de l'avantage de vieillesse qui croît avec l'âge de l'allocataire.
Que se passe-t-il si un agent perçoit une rente d'accident du travail ou de maladie professionnelle ?;Elle est intégralement cumulable avec l'allocation chômage;Elle entraîne la suspension immédiate de l'allocation;Elle est limitée à 50 pour cent de l'allocation chômage;Elle est déduite du montant de l'allocation chômage;2;La rente accident du travail ou maladie professionnelle est intégralement cumulable avec l'allocation chômage.
Qui est responsable de l'examen d'une demande d'allocations lors de la première ouverture de droit ?;Pôle emploi;Le ministère de la Fonction publique;La Caisse nationale de retraite;L'employeur public en auto-assurance;2;L'examen d'une demande d'allocations relève systématiquement de Pôle emploi.
Quel est le délai d'information que l'employeur public doit respecter avant la fin prévisionnelle des droits pour le rechargement ?;30 jours;30 jours après l'épuisement;15 jours;60 jours;2;L'employeur doit informer l'agent 30 jours avant la fin prévisionnelle de ses droits.
Qui est compétent pour réviser le droit en cas de perte involontaire d'une activité conservée ?;L'Unédic;L'administration d'origine;Celui qui a la charge de l'indemnisation;Pôle emploi uniquement;4;Celui qui a la charge de l'indemnisation révise le droit en cours.
Quel est le délai imparti à l'agent pour confirmer son choix après une proposition de droit d'option ?;15 jours;21 jours;30 jours;10 jours;3;L'agent doit confirmer son choix dans les 21 jours suivant la proposition de Pôle emploi.
Quand l'employeur doit-il remettre l'attestation à l'agent et la transmettre à Pôle emploi ?;À la fin de la période de recherche;Uniquement sur demande de l'agent;Dès l'expiration ou la rupture du contrat;Un mois après la fin de contrat;4;L'employeur doit délivrer l'attestation au moment de l'expiration ou de la rupture du contrat.
