Quelle est la limite de durée pour conserver ses droits à l'avancement durant un congé parental ?;Cinq ans pour l'ensemble de la carrière;Trois ans pour l'ensemble de la carrière;Sept ans pour l'ensemble de la carrière;Deux ans pour l'ensemble de la carrière;2;L'agent conserve ses droits à l'avancement dans une limite de cinq ans.
Que peut demander le fonctionnaire à sa demande lors de sa réintégration ?;Une affectation dans l'emploi le plus proche de son domicile;Une promotion immédiate dans le grade supérieur;Une augmentation de son traitement indiciaire;Un changement de corps de métier;2;À sa demande il peut demander à être affecté dans l'emploi le plus proche de son domicile.
Quels agents bénéficient de garanties de réintégration équivalentes à celles des fonctionnaires ?;Les agents stagiaires de la fonction publique;Les agents contractuels de l'État;Les agents recrutés par voie de concours uniquement;Les agents de la fonction publique hospitalière uniquement;3;Les agents non-titulaires disposent de garanties équivalentes de réintégration concernant les agents contractuels de l'État.
Quelle est la condition nécessaire pour qu'un fonctionnaire puisse être mis à disposition d'un organisme de droit privé ?;L'accord préalable du ministre de tutelle;L'exercice d'une mission de service public;La signature d'un contrat de droit public;L'obtention d'un avis favorable de la CAP;3;L'organisme de droit privé doit confier au fonctionnaire une mission de service public.
Qui est responsable de la gestion du dossier administratif du fonctionnaire mis à disposition ?;L'administration d'origine;L'organisme d'accueil;Le ministère de la fonction publique;Le juge administratif;2;Le fonctionnaire demeure sous l'autorité de son administration d'origine pour sa gestion administrative.
Quel est le type de contrat qui lie un fonctionnaire à un organisme de droit privé en situation de subordination ?;Un contrat de droit public;Un contrat de droit privé;Un contrat de droit international;Un contrat de droit administratif;3;La jurisprudence de la Cour de cassation établit qu'un rapport de subordination crée un contrat de droit privé.
Que doit faire l'administration d'origine lorsque la mise à disposition d'un fonctionnaire prend fin ?;Le placer en disponibilité;L'affecter dans un délai raisonnable;Le muter de force sans avis;Le licencier immédiatement;3;L'administration d'origine est tenue d'affecter l'agent sur un emploi correspondant à son grade dans un délai raisonnable.
Un changement d'affectation est qualifié de mutation au sens strict si ?;Il change le service au sein d'une direction;Il maintient les mêmes garanties de carrière;Il modifie la rémunération de l'agent;Il entraîne un changement de résidence administrative;5;La mutation au sens strict implique un changement de résidence administrative ou une modification sensible de la situation personnelle.
Quelle est la condition pour qu'un changement d'affectation ne soit pas contestable devant un juge ?;Qu'il s'agisse d'une mesure d'ordre intérieur;Qu'il soit motivé par l'intérêt du service;Qu'il soit décidé par le ministre;Qu'il soit pris par voie de concours;2;Les changements d'affectation sans modification substantielle de la nature des fonctions ou de la résidence sont des mesures d'ordre intérieur insusceptibles de recours.
Comment est qualifiée une mutation d'office qui vise à contourner une procédure disciplinaire ?;Une sanction disciplinaire déguisée;Une mesure d'ordre intérieur;Une décision de mobilité géographique;Une décision de gestion de carrière;2;Une mutation d'office ne doit pas traduire l'intention de l'administration d'infliger une sanction disciplinaire déguisée.
Le classement d'un nouveau membre du corps intervient désormais à quel moment ?;Lors de l'accès au premier échelon;Lors de la titularisation;Lors de la nomination dans le corps;À la fin de la période de stage;4;Le classement intervient à compter de la nomination dans le corps ou cadre d'emplois et non plus lors de la titularisation.
Quel principe le juge administratif veille-t-il à respecter lors d'un reclassement collectif ?;Le maintien de l'ancienneté de service;La continuité de la rémunération indiciaire;L'égalité de traitement entre agents d'un même corps;La protection des droits acquis au statut;4;Le juge veille à ce que le reclassement ne conduise pas à une inversion de l'ordre d'ancienneté entre fonctionnaires d'un même corps.
Quelle est la règle générale pour le classement d'un agent changeant de corps ?;Le maintien de l'indice brut exact précédemment détenu;La reprise intégrale de l'ancienneté de l'échelon précédent;L'échelon correspondant à l'indice égal ou immédiatement supérieur;Le classement automatique au premier échelon du nouveau corps;4;Chaque agent est au moins classé sur la grille indiciaire dans l'échelon correspondant à l'indice égal ou immédiatement supérieur.
Selon le Conseil d'État, quel principe permet de prendre en compte les services dans un autre État membre de l'UE ?;Le droit à la continuité de carrière;La primauté du droit communautaire;La libre circulation des travailleurs;Le principe de l'égalité de traitement;4;Le Conseil d'État estime qu'en vertu de la libre circulation des travailleurs, les services dans un autre État membre peuvent être pris en compte.
Que permet la portabilité du CDI entre les versants de la fonction publique ?;Le transfert automatique du dossier administratif vers le nouvel employeur;Le maintien automatique de la rémunération de l'administration d'origine;Le bénéfice direct d'un CDI pour un agent recruté par un employeur public;La suppression de l'accord de l'employeur pour le changement de poste;4;La loi de 2019 permet à un agent lié par un CDI de bénéficier directement d'un CDI s'il est recruté par un employeur public d'un autre versant.
À partir de quelle date l'appréciation de la valeur professionnelle par entretien professionnel est-elle entrée en vigueur pour la fonction publique de l'État ?;Le 1er janvier 2015;Le 1er janvier 2012;Le 1er janvier 2021;Le 1er janvier 2019;3;Dans la FPE, l'entretien professionnel remplace la notation depuis 2012 (décret 2010-888), la loi du 6 août 2019 l'a généralisé aux trois versants au 1er janvier 2021.
Un fonctionnaire peut-il être noté si son statut ne prévoit pas expressément de système de notation ?;Uniquement pour les contractuels;Oui;Uniquement pour les militaires;Non;5;L'affaire B...A... confirme qu'un fonctionnaire ne peut être noté que si des dispositions réglementaires le prévoient expressément.
Quelle est la nature juridique de la notation pour un fonctionnaire ?;Une mesure d'ordre intérieur;Un acte faisant grief;Une simple information;Une décision de gestion;3;La notation constitue un acte faisant grief susceptible en lui-même de faire l'objet d'un recours contentieux.
Qui doit conduire l'entretien professionnel pour l'appréciation de la valeur professionnelle ?;Le supérieur hiérarchique direct;Le chef de service uniquement;Le directeur des ressources humaines;Le président de la commission paritaire;2;L'entretien professionnel est mené par le supérieur hiérarchique direct de l'agent.
Quel délai l'agent dispose-t-il pour former un recours hiérarchique contre son compte-rendu d'entretien ?;Quinze jours ouvrés;Huit jours calendaires;Trente jours francs;Quinze jours francs;5;L'agent peut former un recours hiérarchique dans un délai de quinze jours francs suivant la notification du compte-rendu.
Quelle est la conséquence d'un tableau d'avancement comportant un nombre maximum de fonctionnaires promus ?;Il présente un caractère indivisible;Il est soumis à un vote;Il est considéré comme nul;Il doit être contesté par la CAP;2;Les conclusions tendant à l'annulation partielle sont irrecevables car le tableau est indivisible
Quelle est la conséquence d'une promotion de grade sur le traitement de l'agent ?;Une amélioration du traitement indiciaire;Une augmentation de l'ancienneté;Une modification de la résidence;Une suppression de l'échelon;2;L'avancement de grade entraîne une amélioration du traitement indiciaire
Parmi les modalités de promotion interne, laquelle repose sur une liste établie après avis de la CAP ?;Le concours interne;La liste d'aptitude;L'examen professionnel;Le choix de l'administration;3;La liste d'aptitude est établie par appréciation de la valeur professionnelle et des acquis
