Quel était l'objectif principal de la réforme annoncée par le Président de la République en 2017 ?;Rendre les congés moins longs mais plus fréquents;Augmenter la durée des séjours en outre-mer;Supprimer la prise en charge des frais de voyage;Réduire le nombre de bénéficiaires du dispositif;2;La réforme vise un bénéfice plus fréquent avec des congés tous les deux ans.
Quelle règle territoriale s'applique pour la Guadeloupe et la Martinique ?;Chaque île possède ses propres règles de destination;Le congé est interdit entre ces deux territoires;Les agents doivent obligatoirement choisir la Martinique;Elles sont considérées comme une seule et même collectivité;5;La Guadeloupe la Martinique Saint-Barthélemy et Saint-Martin forment une même collectivité pour le dispositif.
Quelle est la durée minimale de service ininterrompu requise pour ouvrir un droit au congé bonifié ?;36 mois;12 mois;18 mois;24 mois;5;L'agent peut prétendre à un congé bonifié après vingt-quatre mois de service ininterrompus
La période de vingt-quatre mois de service inclut-elle la durée du congé bonifié sollicité ?;Non;Seulement pour les contractuels;Oui;Uniquement si le congé est anticipé;4;La période de vingt-quatre mois inclut la période du congé bonifié elle-même
Comment sont comptabilisés les services effectués à temps partiel pour l'ouverture des droits ?;Ils sont exclus du calcul;Assimilés aux services à temps plein;Uniquement si le temps est supérieur à un mi-temps;Au prorata du temps de travail;3;Les services à temps partiel sont assimilés aux services à temps plein pour l'appréciation de la durée
Parmi ces congés, lequel ne permet pas de compter le temps passé dans le calcul des 24 mois ?;Le congé de maternité;Le congé de maladie;Le congé de longue durée;Le congé de formation;4;Le temps passé en congé de longue durée n'entre pas dans le calcul de la durée de service exigée
Quelle est la conséquence d'une période de disponibilité sur l'acquisition des droits ?;Elle suspend l'acquisition des droits;Elle interrompt définitivement les droits;Elle n'a aucun impact sur le calcul;Elle réduit la durée de service requise;2;Les périodes de disponibilité suspendent l'acquisition des droits à congé bonifié
Comment la localisation du centre des intérêts moraux et matériels est-elle appréciée ?;Par la seule vérification du lieu de naissance de l'agent;Par une liste de critères obligatoires et cumulatifs;Par une déclaration unique et irrévocable de l'agent;Par un faisceau d'indices non exhaustifs;5;L'appréciation se fait sur la base d'un faisceau d'indices et aucun critère n'est obligatoire.
Combien de temps la reconnaissance de l'implantation du centre des intérêts moraux et matériels est-elle valable ?;24 mois;6 ans;2 ans;12 mois;3;La reconnaissance par l'administration est valable pour une durée de 6 ans.
Quelle est la procédure en cas de refus de la décision d'accorder le congé bonifié ?;Une demande de révision immédiate auprès du service gestionnaire;Une contestation uniquement par voie de médiation syndicale;Une nouvelle demande automatique après un délai de six mois;Un recours administratif ou un recours devant la juridiction administrative;5;En cas de refus l'agent peut contester la décision par un recours administratif ou devant la juridiction administrative.
Dans quel délai maximum un agent peut-il différer la prise de ses congés bonifiés en cas de gestion normale ?;Vingt-quatre mois après le début du service;Trois ans après la dernière prise de congé;Douze mois à compter de l'ouverture du droit;Six mois après la décision d'octroi;4;L'article 5 du décret permet de différer la prise sous réserve des nécessités de service dans un délai de douze mois.
Quelle est la règle pour un agent qui cumule deux voyages pris en charge au cours de la même année ?;L'agent peut prendre deux voyages s'ils sont séparés de six mois;L'administration prend en charge les deux voyages sans condition;Les deux voyages doivent être accolés sur la même période;Un délai de douze mois doit s'écouler entre les deux voyages;5;Une durée minimale de douze mois doit s'écouler entre la date de retour d'un voyage pris en charge et le départ du suivant.
Que se passe-t-il pour un agent dont le report est déjà un second report suite à des circonstances exceptionnelles ?;Il doit obligatoirement prendre son congé le mois suivant;Il bénéficie d'un allongement de ce report;Il perd définitivement ses droits au congé bonifié;Il doit transformer son congé en jours de CET;3;Le texte précise que pour les agents dont le congé prévu constitue déjà un report, un allongement de ce report est possible.
Quelle est la durée maximale de séjour autorisée pour un congé bonifié ?;Trente et un jours consécutifs;Vingt-huit jours consécutifs;Quarante jours consécutifs;Trente jours ouvrés;2;La durée est limitée à 31 jours consécutifs incluant les week-ends et jours fériés.
Comment sont gérés les délais de route pour le voyage de l'agent ?;Trois jours de voyage maximum;Deux jours pour l'aller et deux jours pour le retour;Un jour pour l'aller et un jour pour le retour;Un jour de trajet au total;4;Des autorisations d'absence d'un jour pour l'aller et d'un jour pour le retour peuvent être accordées.
Quelle est la limite de poids de bagages prise en charge par personne ?;30 kg;50 kg;40 kg;45 kg;4;Les frais de bagages sont pris en charge dans la limite de 40 kg par personne.
Quel est le plafond de revenus annuels du conjoint pour bénéficier de la prise en charge de son transport ?;20 000 euros bruts;18 552 euros bruts;15 000 euros bruts;22 552 euros bruts;3;Le plafond est fixé à 18 552 euros bruts par an selon l'arrêté du 2 juillet 2020.
Quelle majoration de traitement est versée à un agent effectuant son congé bonifié en métropole ?;Une indemnité de résidence de 3 % du TIB;La majoration de cherté de vie de son affectation;Une indemnité de résidence de 10 % du TIB;Le traitement indiciaire de base uniquement;2;En métropole l'agent perçoit une indemnité de résidence de 3 % du TIB.
Quelle est la conséquence sur l'indemnité de résidence d'un agent effectuant son congé en outre-mer ?;Elle est doublée pour compenser le voyage;Elle est transformée en majoration de traitement;Elle est maintenue intégralement;Elle cesse d'être versée pendant le congé;5;L'indemnité de résidence cesse d'être versée lors de la période de congé passée en outre-mer.
Si un agent n'a pu partir en congé bonifié ni en 2020 ni en 2021, peut-il bénéficier d'un nouveau report ?;Oui mais seulement s'il a déjà utilisé son droit d'option;Non car le report est strictement limité à douze mois;Oui grâce à une autorisation de report exceptionnel liée au contexte sanitaire;Non car les congés annuels ne peuvent jamais être reportés;4;Le contexte sanitaire outre-mer autorise un nouveau report pour les agents dont le congé de 2021 était déjà un report.
En cas de retour anticipé avec obligation d'isolement, comment sont gérés les jours de congés non pris ?;Ils sont automatiquement transformés en jours de RTT;Ils sont à nouveau crédités à l'agent pour une utilisation ultérieure;Ils sont versés sur le compte épargne-temps sans possibilité de reprise;Ils sont définitivement perdus au profit de l'administration;3;Les jours non pris suite à un retour anticipé sont recrédités et peuvent être pris plus tard ou versés sur le CET.
Si un agent est identifié comme cas contact à risque et doit s'auto-isoler, quel est son statut ?;Il est placé en congé de maladie ordinaire;Il est placé en autorisation spéciale d'absence;Il est placé en congé de longue durée;Il est placé en position de disponibilité;3;L'auto-isolement pour cas contact ou test positif entraîne un placement en autorisation spéciale d'absence.
