Depuis quand la rupture conventionnelle est-elle pérennisée pour les fonctionnaires ?;Le 7 août 2026;Le 31 décembre 2025;Le 21 février 2026;Le 1er janvier 2020;4;La pérennisation pour les fonctionnaires a été actée le 21 février 2026 suite à l'évaluation de mars 2025.
Quel est l'un des objectifs principaux de la rupture conventionnelle selon le texte ?;Imposer un départ à la retraite;Réduire les effectifs de manière unilatérale;Sanctionner une insuffisance professionnelle;Permettre une reconversion professionnelle;5;Le dispositif vise à répondre au souhait de l'agent de poursuivre son activité hors de l'administration.
Quel texte de loi a permis la pérennisation du dispositif pour les fonctionnaires ?;Le code général de la fonction publique;La loi de transformation de la fonction publique;La loi de finances pour 2026;Le décret relatif à la procédure de rupture;4;L'article 173 de la loi n° 2026-103 du 19 février 2026 de finances pour 2026 a pérennisé le dispositif.
Pour quel type d'agents le dispositif était-il déjà pérenne avant la réforme de 2026 ?;Les fonctionnaires détachés;Les agents contractuels en CDD;Les agents contractuels en CDI;Les fonctionnaires stagiaires;4;Le dispositif était déjà pérenne pour les agents contractuels en CDI depuis le 1er janvier 2020.
Quelle est la nature de la décision de rupture conventionnelle ?;Une procédure imposée par le juge administratif;Une décision unilatérale de l'administration;Un accord mutuel entre l'agent et l'employeur;Un droit automatique pour tout agent demandeur;4;La rupture est toujours décidée d'un commun accord et ne peut être imposée par l'une ou l'autre des parties.
Quels agents sont exclus du dispositif de rupture conventionnelle ?;Les agents contractuels en CDI;Les fonctionnaires stagiaires;Les fonctionnaires titulaires;Les ouvriers de l'État;3;L'article L. 552-2 et L. 552-5 du CGFP excluent explicitement les fonctionnaires stagiaires.
Qui est compétent pour signer la convention et verser l'ISRC d'un fonctionnaire détaché ?;L'administration d'accueil;Le ministère de l'action et des comptes publics;L'administration d'origine;Le tribunal administratif;4;L'administration d'origine détient le pouvoir de nomination et reste compétente pour la convention et le paiement.
Parmi ces catégories d'agents, lequel est éligible à la rupture conventionnelle ?;Les fonctionnaires détachés en qualité de contractuels;Les fonctionnaires stagiaires;Les praticiens en CDI;Les agents contractuels en CDD;4;Les praticiens en CDI relevant du code de la santé publique sont explicitement éligibles.
Quel type d'agent est formellement exclu de la procédure de rupture conventionnelle ?;Les ouvriers de l'État;Les agents contractuels en CDI;Les agents contractuels en CDD;Les fonctionnaires titulaires;4;Le texte précise que les agents contractuels en contrat à durée déterminée sont exclus.
Quelle condition d'âge exclut un fonctionnaire du dispositif ?;L'âge de la fin de carrière;L'âge de la retraite obligatoire;L'âge d'ouverture du droit à une pension à taux plein;L'âge de 60 ans révolus;4;Les fonctionnaires remplissant les conditions pour la liquidation de leurs droits à taux plein sont exclus.
Sous quel délai l'entretien obligatoire doit-il se tenir après la réception de la lettre de demande ?;Entre deux semaines et deux mois;Entre cinq jours francs et quinze jours;Entre dix jours ouvrés et un mois;Entre dix jours francs et un mois;5;L'entretien doit se tenir au minimum dix jours francs et au maximum un mois après la réception de la lettre.
À quel délai minimum après le dernier entretien la signature de la convention peut-elle intervenir ?;Quinze jours francs;Sept jours francs;Dix jours francs;Vingt jours francs;2;La signature de la convention intervient au moins quinze jours francs après le dernier entretien.
Quelle est la durée du droit de rétractation pour l'agent après la signature de la convention ?;Dix jours francs;Sept jours francs;Quinze jours francs;Trente jours francs;4;Le droit de rétractation s'exerce dans un délai de quinze jours francs après la signature.
Quelle condition est nécessaire pour que le délai de rétractation de l'agent puisse courir ?;La validation par l'autorité de nomination;La réception d'un courrier recommandé;La possession d'un exemplaire signé;La signature de l'attestation de non perception;4;Le délai ne peut courir à l'égard de l'agent que s'il est effectivement en possession d'un exemplaire signé.
Quel est le régime fiscal et social de l'ISRC ?;Elle est exonérée d'impôts et de prélèvements sociaux;Elle est assujettie au forfait social à la charge de l'employeur;Elle est intégralement imposable selon le barème classique;Elle est soumise à l'impôt sur le revenu et aux cotisations;2;L'indemnité est exonérée d'impôts et de prélèvements sociaux sous certaines limites.
Dans quel délai un agent doit-il rembourser l'ISRC s'il est réemployé dans sa fonction publique d'origine ?;Dans les trois ans après la nouvelle nomination;Dans les deux ans suivant le recrutement;Dans les six mois suivant la reprise de poste;Dans les cinq ans suivant la rupture;3;Le remboursement doit intervenir dans les deux ans qui suivent le recrutement.
Quelle est la durée de l'obligation de remboursement de l'ISRC en cas de réemploi dans la fonction publique d'origine ?;Trois années suivant la rupture;Quatre années suivant la rupture;Deux années suivant la rupture;Six années suivant la rupture;5;L'obligation de remboursement s'applique si l'agent est recruté dans les six années qui suivent la rupture.
Comment l'ISRC est-elle prise en compte pour le calcul de l'allocation de retour à l'emploi (ARE) ?;Elle n'est pas incluse dans le salaire de référence;Elle est déduite du montant de l'allocation chômage;Elle est plafonnée par les règles de l'assurance chômage;Elle est ajoutée au salaire de référence de l'agent;2;L'ISRC n'est pas prise en compte dans le calcul du salaire de référence pour l'ARE.
Quelle est la limite maximale de l'ancienneté retenue pour le calcul de l'ISRC ?;30 années;15 années;20 années;24 années;5;Le calcul du montant plancher et plafond se fait dans la limite de 24 années d'ancienneté.
Quelle obligation déontologique l'agent doit-il respecter après sa rupture ?;Le secret professionnel;La fin de toute activité;Le droit de retrait;La démission immédiate;2;L'agent demeure tenu au secret et au devoir de discrétion professionnelle.
Quelle sanction pénale est encourue en cas de prise illégale d'intérêts ?;Trois ans d'emprisonnement;Six ans d'emprisonnement;Cinq ans d'emprisonnement;Deux ans d'emprisonnement;2;L'article 432-13 du code pénal prévoit trois ans d'emprisonnement.
Que doit exiger l'employeur avant tout nouveau recrutement d'un agent ?;Une attestation de non démission;Un certificat de fin de fonctions;Une preuve de fin de contrat;Une attestation de non perception de l'ISRC;5;Le candidat doit produire une attestation sur l'honneur de non perception de l'ISRC.
Pour les administrations de l'Etat quel seuil impose une saisine de la DGAFP ?;Une ISRC supérieure à 50 000 €;Une ISRC supérieure à 150 000 €;Une ISRC supérieure à 100 000 €;Une ISRC supérieure à 80 000 €;5;Toute ISRC supérieure à 80 000 € nécessite une saisine préalable de la DGAFP.
Quels éléments nouveaux doivent être ajoutés à la convention suite à la recommandation de la Cour des comptes ?;Le détail des primes et l'ancienneté totale;Le montant de l'indemnité de départ et le nombre d'enfants;La rémunération brute annuelle et la durée de cotisation retraite;Le motif de la rupture et la date de fin de contrat;4;La Cour des comptes demande d'intégrer la rémunération brute de l'année n-1 et la durée de cotisation retraite.
Quel outil est mis à disposition par le CISIRH pour aider les employeurs ?;Un simulateur de calcul des montants plancher et plafond;Un guide de rédaction des conventions de rupture;Un logiciel de gestion des dossiers individuels;Un annuaire des organisations syndicales;2;Le CISIRH propose une calculatrice pour déterminer les montants plancher et plafond de l'ISRC.
Que doit contenir le bilan annuel obligatoire sur l'ISRC ?;La liste des agents ayant exercé leur droit de rétractation;Le nombre de bénéficiaires et les montants moyens par quintile;Le coût total des remplacements et des réorganisations;Le détail des motifs de rupture et les noms des agents;3;Le bilan annuel doit présenter le nombre de bénéficiaires, les montants moyens et les catégories de personnels.
Quel document le candidat retenu doit-il fournir lors de son recrutement ?;Une attestation de fin de service délivrée par l'administration d'origine;Une copie de la convention de rupture signée par l'ancien employeur;Une preuve de la validation du projet professionnel par la DGAFP;Une attestation sur l'honneur de non-perception de l'ISRC;5;Le candidat doit produire une attestation sur l'honneur de non-perception de l'ISRC ou de l'IDV.
Pour les administrations de l'Etat quel montant d'ISRC nécessite une saisine de la DGAFP ?;Toute somme supérieure à 50 000 euros;Toute somme supérieure au montant de la rémunération brute;Toute somme supérieure à 80 000 euros;Toute somme dépassant le montant plafond de l'agent;4;Toute ISRC supérieure à 80 000 euros doit faire l'objet d'une saisine préalable de la DGAFP.
