Quelles informations doivent figurer concernant le maître d'apprentissage dans la convention ?;Son nom et ses compétences professionnelles;Son adresse et son numéro de sécurité sociale;Son diplôme et sa date d'embauche;Son salaire et son ancienneté;2;La convention doit mentionner le nom et les informations attestant du respect de ses compétences professionnelles.
À qui l'employeur doit-il adresser la convention dès sa conclusion ?;Au directeur du CFA;Au représentant de l'État;Au service des ressources humaines;À la DREETS;2;L'employeur adresse la convention au directeur du CFA qui la transmet ensuite à la DREETS.
Quelle est la limite maximale de structures avec lesquelles un conventionnement peut être conclu ?;Cinq autres structures;Trois autres structures;Quatre autres structures;Deux autres structures;5;Le conventionnement peut être conclu au maximum avec deux autres structures pendant toute la durée du contrat.
Quelle est la limite de durée de formation pratique que le conventionnement ne peut pas dépasser ?;60 % de la durée;40 % de la durée;25 % de la durée;50 % de la durée;5;Le conventionnement ne peut pas avoir pour effet de dépasser 50 % de la durée de formation pratique.
Quelle modalité de partage financier doit être précisée dans la convention ?;Le versement des indemnités de fin de contrat;Le calcul du salaire minimum de l'apprenti;Le montant des frais de scolarité du CFA;Le partage des rémunérations entre l'employeur et l'établissement d'accueil;5;Les modalités de partage des rémunérations entre l'employeur public et l'établissement d'accueil sont obligatoires.
Pendant la période probatoire, quelle est la durée de la faculté de rompre le contrat sans motivation ?;45 premiers jours dès l'embauche;60 premiers jours de formation pratique;45 premiers jours de formation pratique;30 premiers jours de formation pratique;4;La période de 45 jours commence au premier jour d'exécution réelle du contrat en formation pratique.
En cas de maladie de l'apprenti, comment est traitée la période probatoire ?;Elle est annulée par l'employeur;Elle est réduite de moitié;Elle est maintenue sans modification;Elle est suspendue et prorogée;5;La période est suspendue et prorogée d'une durée correspondant au nombre de jours non exécutés.
Quelle est la procédure obligatoire pour un licenciement après la période probatoire ?;Avis du CFA puis entretien;Médiation RH puis entretien;Notification immédiate par lettre;Entretien préalable puis notification;5;Il faut une convocation à un entretien préalable puis une notification de la décision par lettre recommandée.
Un apprenti peut-il rompre son contrat sans motif après la période probatoire ?;Oui uniquement avec accord de l'employeur;Oui seulement si le CFA est d'accord;Non le contrat est définitif;Oui après avoir rencontré un médiateur;5;L'apprenti peut rompre sans motif sous réserve de solliciter et rencontrer la personne en charge de la médiation.
Quel est le préavis nécessaire si l'apprenti obtient son diplôme avant le terme ?;3 mois;15 jours;2 mois;1 mois;5;L'obtention du diplôme avant le terme du contrat permet une rupture moyennant un préavis de 1 mois.
Quels documents doivent être remis à l'apprenti à la fin de son contrat ?;Contrat de travail initial attestation de présence et certificat de scolarité;État du solde de tout compte certificat de travail et attestation employeur;Relevé d'heures certificat de fin de stage et attestation de réussite;Bulletins de salaire certificat de stage et attestation de formation;3;Le texte précise que l'état du solde de tout compte le certificat de travail et l'attestation employeur doivent être remis.
L'apprenti bénéficie-t-il d'indemnités de fin de contrat ou de prime de précarité ?;Uniquement en cas de rupture par l'apprenti;Oui;Non;Uniquement en cas de rupture par l'employeur;4;La source indique explicitement que l'apprenti ne bénéficie ni d'indemnités de fin de contrat ni de prime de précarité.
Que reçoit l'apprenti s'il n'a pas pris ses congés à la fin de son contrat ?;Une indemnité forfaitaire de fin de contrat;Un report de ses jours de congés sur l'année suivante;Une indemnité compensatrice de congés payés;Une prime de vacances annuelle;4;En tant qu'agent de droit privé l'apprenti bénéficie d'une indemnité compensatrice de congés payés pour les congés non pris.
L'indemnité compensatrice de congés payés est-elle due en cas de rupture anticipée ?;Oui;Uniquement si la rupture est à l'initiative de l'apprenti;Uniquement si la rupture est à l'initiative de l'employeur;Non;2;Le document précise que l'indemnité est également due en cas de rupture avant le terme du contrat peu importe l'auteur de la rupture.
Quelle mention spécifique doit figurer sur l'attestation employeur pour France Travail ?;L'adhésion au régime d'assurance spécifique;Le nom du maître d'apprentissage référent;La durée exacte de la période de formation pratique;Le montant total des rémunérations versées;2;L'attestation doit porter la mention de l'adhésion au régime d'assurance spécifique dans la rubrique employeur.
Quel est l'objectif principal de l'offre d'apprentissage selon le document ?;Informer uniquement sur les obligations administratives de l'employeur;Permettre aux candidats de se projeter dans leur projet professionnel;Définir strictement le cadre juridique du contrat d'apprentissage;Présenter exclusivement les avantages financiers du poste;3;L'offre est un outil de communication pour aider le candidat à se projeter.
Quel est le conseil donné concernant l'usage des acronymes dans l'offre ?;Les utiliser systématiquement pour paraître plus professionnel;Ne jamais les utiliser afin de ne pas perdre le candidat;Les placer uniquement dans une section dédiée aux définitions;Limiter leur usage et préciser leur signification;5;Il est préférable de limiter les acronymes et d'en préciser le sens.
Comment l'intitulé du poste doit-il être présenté pour respecter les règles ?;Uniquement avec l'usage du point médian;Uniquement au masculin par défaut;Systématiquement au féminin et au masculin;En utilisant exclusivement des termes épicènes;4;L'intitulé doit être présenté au féminin et au masculin sauf s'il est épicène.
Quelle méthode est recommandée pour éviter l'alourdissement de la lecture ?;Doubler systématiquement tous les mots;Utiliser des verbes à l'infinitif;Écrire uniquement des phrases très longues et complexes;Utiliser uniquement l'écriture inclusive avec point médian;3;L'usage de verbes à l'infinitif est une option pour éviter d'alourdir le texte.
Quelle est la règle pour l'ordre des mots lors du doublement (ex: Directeur/Directrice) ?;Privilégier l'ordre alphabétique;Commencer toujours par le féminin;Utiliser l'ordre de l'importance hiérarchique;Commencer toujours par le masculin;2;Il ne faut pas mentionner systématiquement le masculin ou le féminin en premier.
Quel nouveau code a été ajouté à la table des diplômes du formulaire Cerfa ?;64 pour le Bachelor Universitaire de technologie;63 pour le Master Universitaire de technologie;65 pour le Doctorat Universitaire de technologie;62 pour le Brevet Universitaire de technologie;2;Le code 64 correspond au BUT dans la mise à jour du Cerfa.
Quel type d'employeur est désormais représenté par le code 30 dans la notice ?;Association de droit privé;Établissement public industriel et commercial;Organisme de formation professionnelle;Collectivité territoriale de droit public;3;Le code 30 a été ajouté pour les établissements publics industriels et commerciaux.
Que précise le nouveau code 38 concernant les avenants au contrat ?;Modification des missions de l'apprenti;Modification du lieu principal de formation théorique;Changement de la rémunération de l'apprenti;Changement du maître d'apprentissage;3;Le code 38 concerne le changement du lieu principal de formation en CFA.
Que signifie l'acronyme DGAFP dans le lexique ?;Direction générale de l'administration et de la fonction publique;Direction générale de l'apprentissage et de la formation professionnelle;Direction générale de l'administration et du personnel;Département général de l'administration et de la fonction publique;2;DGAFP désigne la Direction générale de l'administration et de la fonction publique.
Que signifie l'acronyme FIPHFP ?;Fonds pour l'intégration des personnes handicapées de la fonction publique;Fonds pour l'insertion des personnes handicapées de la fonction publique;Fonds d'intervention pour l'apprentissage et la formation professionnelle;Fonds institutionnel pour l'insertion et la formation professionnelle;3;Le FIPHFP est le Fonds pour l'insertion des personnes handicapées de la fonction publique.
Quel site permet de consulter les offres d'apprentissage du secteur public ?;CELIA;PASS;URSSAF;DGAFP;3;Le site PASS propose les offres d'apprentissage du secteur public
Quelle plateforme est dédiée à la saisie des contrats d'apprentissage pour les employeurs publics ?;PASS;CELIA;FIPHFP;DGEFP;3;CELIA est la plateforme de saisie des contrats pour les employeurs publics
Quel organisme intervient pour les aides au recrutement des personnes en situation de handicap ?;DREETS;FIPHFP;IRCANTEC;URSSAF;3;Le FIPHFP aide au recrutement des personnes handicapées dans la fonction publique
Quel site est utile pour obtenir des autorisations de travail pour les apprentis étrangers ?;Work in France;Ameli;Pass;France Travail;2;Work in France gère les autorisations de travail pour les nationaux étrangers
Quel site permet de consulter les actualités relatives à l'apprentissage ?;Service-public.fr;Travail-emploi.gouv.fr;Ameli.fr;Pass.fonction-publique.gouv.fr;3;Le site de la DGEFP propose les actualités sur l'apprentissage
