Que faut-il faire si l'on réagit avec une forte émotion face à un collègue ?;Prendre du recul pour laisser place à l'analyse factuelle;Attendre l'entretien annuel pour faire un retour formel;Ignorer le problème pour éviter de créer un conflit;Appeler immédiatement le collègue pour exprimer son mécontentement;2;L'émotion risque de rendre le retour non constructif.
Quels sont les trois types de symptômes identifiés pour reconnaître les risques psychosociaux ?;Cognitifs physiques et émotionnels;Émotionnels intellectuels et physiques;Physiques psychologiques et sociaux;Comportementaux émotionnels et mentaux;3;Le texte identifie les symptômes émotionnels intellectuels physiques et sociaux.
Quelle est la responsabilité du manager face aux risques psychosociaux ?;Organiser uniquement les plannings de télétravail;Rapporter les incidents uniquement aux RH;Assurer la performance technique des agents;Protéger et accompagner ses collaborateurs;5;Il est de la responsabilité du manager de protéger et d'accompagner ses collaborateurs.
Quel symptôme est classé dans la catégorie des troubles intellectuels ?;Les maux de tête;La nervosité;Les troubles du sommeil;La procrastination;5;La procrastination est explicitement citée comme un symptôme intellectuel.
Que doit faire un agent s'il reconnaît des symptômes de risques psychosociaux ?;Alerter son manager ou son responsable RH;Demander un entretien avec la médecine préventive;Consulter uniquement les guides de la DGAFP;Attendre la prochaine réunion d'équipe;2;Si un agent reconnaît ces symptômes il doit alerter son manager ou son responsable RH.
Quel est un risque spécifique lié au travail en mode mixte mentionné dans le texte ?;L'augmentation de la productivité individuelle;L'amélioration de la communication inter-services;La réduction de la charge de travail globale;La difficulté de séparation vie pro et vie perso;5;Le texte cite la difficulté de séparation entre vie professionnelle et vie personnelle comme un risque.
Quel est l'un des avantages majeurs du management par objectifs ?;Il limite la circulation de l'information;Il favorise l'autonomie et la prise d'initiative;Il permet de renforcer le contrôle hiérarchique;Il assure une présence physique constante;3;Le texte précise qu'il favorise l'autonomie et la prise d'initiative.
Que nécessite la mise en place du management par objectifs ?;Une bonne circulation de l'information;Une réunion de service hebdomadaire;Une définition de tâches uniquement quantitatives;Une surveillance constante des agents;2;Le document indique qu'il nécessite une bonne circulation de l'information et des retours.
Quelle est la fonction de la dimension temporelle dans la méthode SMART ?;Vérifier que l'objectif est simple;Doter l'objectif d'une échéance;Mesurer la quantité de travail;Rendre l'objectif acceptable par l'agent;3;Le T de SMART signifie que l'objectif est doté d'une échéance.
Dans la méthode SMART, que signifie le critère A ?;L'objectif est appliqué de façon autonome;L'objectif est acceptable par rapport à la fonction;L'objectif est atteint avec agilité;L'objectif est analysé de manière factuelle;3;Le A de SMART signifie que l'objectif est acceptable par rapport à la fonction occupée.
Comment peut-on améliorer la pertinence des objectifs fixés ?;En utilisant la méthode SMART;En se concentrant uniquement sur le quantitatif;En augmentant la fréquence des contrôles;En évitant de faire participer l'agent;2;La méthode SMART est présentée comme un moyen d'améliorer les objectifs en les rendant pertinents.
Quel est l'un des principes clés pour organiser les rituels lorsque l'équipe travaille à distance ?;L'augmentation de la durée des réunions hebdomadaires;La suppression totale des réunions en présentiel;L'organisation des échanges qui ne sont plus spontanés;Le maintien des habitudes de travail informelles;4;Le texte précise que ce qui se fait spontanément en présentiel doit être organisé en mode mixte.
Quel est l'un des objectifs possibles d'une réunion d'équipe selon le document ?;La gestion des congés individuels;La célébration des anniversaires des agents;Le suivi de l'activité de l'équipe;La discussion des salaires de l'équipe;4;Le document cite le suivi de l'activité comme un objectif de la réunion d'équipe.
Quel est l'avantage du management visuel pour une équipe ?;Il sert de base à la réunion d'équipe;Il limite le temps de travail à distance;Il remplace les entretiens avec le manager;Il permet de contrôler individuellement les agents;2;La réunion se tient devant le support dont les rubriques correspondent à l'ordre du jour.
Quelle est une modalité proposée pour améliorer le suivi des activités ?;Une fiche de poste plus détaillée pour chacun;Un tableau de suivi dans un document partagé;Un contrôle systématique par le manager;Une augmentation de la fréquence des réunions;3;Le document partagé permet une mise à jour par chacun à une fréquence à déterminer.
Comment peut-on mettre en œuvre le management visuel ?;De manière descendante;De manière ponctuelle;De manière rigide;De manière itérative;5;La mise en œuvre peut se faire de manière itérative en testant et en adaptant le support.
Quel est l'objectif principal de la simplification des processus en mode mixte ?;Supprimer les réunions d'équipe;Augmenter le temps de contrôle;Gagner en fluidité et en réactivité;Réduire le nombre de collaborateurs;4;Le travail mixte nécessite davantage de fluidité et de réactivité.
Quel outil peut aider à identifier les irritants d'un processus ?;La méthode SMART;La fiche de simplification de processus;Le tableau de suivi d'activité;Le management visuel;3;La fiche permet de lister les étapes, les irritants et les propositions de simplification.
Quels sont les cinq marqueurs culturels de l'équipe identifiés dans le document ?;Performance efficacité organisation et communication;Motivation engagement respect et autonomie;Productivité agilité confiance et communication;Confiance autonomie responsabilisation agilité et fluidité;5;Le texte liste précisément ces cinq marqueurs pour évaluer la culture d'équipe.
Quel levier permet de renforcer la culture d'équipe via l'aménagement des espaces ?;Utiliser des affiches pour indiquer la présence ou l'absence sur un bureau;Organiser des rituels de convivialité comme le café du vendredi;Installer des outils de messagerie instantanée pour le tchat;Mettre en place des réunions avec un tour d'inclusion;2;L'usage d'affiches de présence est une bonne pratique d'aménagement mentionnée.
Que propose le texte comme rituel informel pour favoriser la convivialité ?;Définir des objectifs collectifs avec la méthode SMART;Réaliser des entretiens individuels tous les deux mois;Mettre en place un management visuel avec des rubriques;Organiser des moments réguliers comme le café du vendredi;5;Le café du vendredi est cité comme un exemple de rituel de convivialité.
Quel rôle est attribué à la personne qui veille aux bonnes pratiques et outils ?;Organiser des temps de convivialité pour le collectif;Lancer des initiatives pour améliorer les espaces de travail;Veiller aux bonnes pratiques et outils pour améliorer le travail mixte;Prendre des nouvelles des membres de l'équipe régulièrement;4;Le texte propose ce rôle spécifique pour renforcer la cohésion d'équipe.
Comment peut-on renforcer la cohésion d'équipe selon la partie sur la responsabilisation ?;En limitant le nombre de processus de travail existants;En imposant des règles de comportement par le manager;En répartissant des chapeaux de rôles entre tous les membres;En augmentant la fréquence des réunions de service;4;Le document suggère de répartir des rôles de cohésion entre tous les membres.
