Selon le CGFP un agissement sexiste est défini par quel critère principal ?;Une discrimination liée à la situation de famille ou à la grossesse;Une parole à connotation sexuelle répétée visant à obtenir un acte sexuel;Un acte lié au sexe portant atteinte à la dignité ou créant un environnement hostile;Un comportement de séduction réciproque entre deux collègues;4;La définition juridique précise que l'agissement est lié au sexe et porte atteinte à la dignité ou crée un environnement dégradant ou offensant.
Parmi ces exemples cités dans le guide quel acte est considéré comme un agissement sexiste ?;Assimiler un sexe à certaines compétences professionnelles;Réaliser une caresse non consentie sur une zone intime;Envoyer des messages pornographiques sans demande préalable;Proposer un rendez-vous amoureux de manière insistante;2;L'assimilation de compétences à un sexe est un stéréotype relevant des agissements sexistes tandis que les autres sont des infractions pénales.
Dans quelle situation la jurisprudence a-t-elle justifié une sanction disciplinaire pour des propos sexistes ?;Un agent ayant envoyé des SMS injurieux à une victime dans un cadre privé;Un professeur ayant fait des propositions de rendez-vous à des étudiantes;Un lieutenant-colonel ayant eu des comportements vexatoires envers des stagiaires;Un chauffeur de bus ayant tenu des propos obscènes dans un bus vide;4;Le Conseil d'État a sanctionné un lieutenant-colonel pour des comportements inappropriés et sexistes envers des stagiaires civiles.
Quelle est la conséquence possible pour des propos sexistes isolés mais dégradants ?;Une suspension de fonctions pour une durée de six mois;Une révocation immédiate de l'agent pour faute grave;Une saisine obligatoire du conseil de discipline;Un simple rappel à l'ordre pour prévenir toute réitération;5;Le guide précise que de simples propos isolés peuvent justifier un simple rappel à l'ordre pour prévenir toute réitération.
Qu'est-ce qui caractérise le harcèlement sexuel par un fait unique selon le code pénal ?;Une répétition de propos à connotation sexiste;Un comportement humiliant sans intention sexuelle;Une pression grave pour obtenir un acte de nature sexuelle;Une menace physique exercée sur la victime;4;Le fait d'user de pression grave pour obtenir un acte sexuel est assimilé au harcèlement même sans répétition
Quelle peine peut être prononcée pour une diffusion de messages contraires à la décence ?;Une amende de 750 euros maximum;Une amende de 1500 euros maximum;Une amende de 12000 euros maximum;Une amende de 3000 euros maximum;2;Il s'agit d'une contravention de quatrième classe avec une amende maximale de 750 euros
Quelle est la durée de prescription pour le délit de captation d'image impudique ?;1 an;10 ans;6 ans;3 ans;4;Le délai de prescription pour ce délit est de 6 ans selon le texte
Comment la jurisprudence permet-elle d'établir une discrimination liée au sexe ?;Par la démonstration d'un préjudice financier direct;Par la preuve d'une intention malveillante de l'auteur;Par le témoignage d'un seul collègue de même sexe;Par la comparaison de panels entre un individu et un groupe opposé;5;Une discrimination peut être établie en comparant la situation d'un individu avec celle d'un groupe issu de la caractéristique opposée.
Quelle est la condition essentielle pour caractériser un harcèlement moral devant le juge administratif ?;La présence d'un acte sexuel;La répétition des agissements;La connaissance des faits par la hiérarchie;L'intention de nuire de l'auteur;3;La conjonction de faits répétés est un élément consubstantiel à la notion de harcèlement moral.
Que prévoit le CGFP concernant les mesures de représailles contre un agent victime de harcèlement ?;L'agent doit obligatoirement porter plainte au pénal;Seules les mesures de licenciement sont interdites;Toute mesure de sanction doit être validée par un conseil;Aucune mesure individuelle de discrimination ne peut être prise;5;L'article L. 135-4 du CGFP interdit toute mesure individuelle discriminante pour avoir subi ou refusé de subir des faits de harcèlement.
Quelle est la peine d'emprisonnement maximale pour un harcèlement moral au travail ?;5 ans d'emprisonnement;3 ans d'emprisonnement;2 ans d'emprisonnement;1 an d'emprisonnement;4;L'article 222-33-2 du code pénal prévoit 2 ans d'emprisonnement et 30 000 euros d'amende pour le harcèlement moral au travail.
Quelle est l'obligation principale de l'employeur public selon l'article L. 136-1 du CGFP ?;Assurer la formation obligatoire de tous les agents publics au traitement des violences;Garantir des conditions d'hygiène et de sécurité préservant la santé et l'intégrité des agents;Protéger systématiquement la victime par une mesure de protection fonctionnelle;Mettre en place des sanctions disciplinaires automatiques en cas de signalement;3;L'employeur doit garantir des conditions d'hygiène et de sécurité pour préserver la santé et l'intégrité physique des agents.
Quelle est la première étape de la prise en charge dès la connaissance des faits ?;Lancer immédiatement une enquête administrative;Suspendre la personne mise en cause;Proposer une protection fonctionnelle à la victime;Recueillir le signalement et évaluer la situation;5;La prise en charge commence par le recueil du signalement et l'évaluation de la situation.
Que doit faire l'employeur pour prévenir l'existence de troubles dans le service ?;Saisir systématiquement les autorités judiciaires;Faire cesser les troubles et former les agents;Transférer les agents concernés dans un autre service;Sanctionner immédiatement les auteurs identifiés;3;La prévention passe par le fait de faire cesser les troubles et par la formation des agents publics.
Lors de l'enquête administrative quelle est l'étape préalable à la collecte des preuves et des témoignages ?;Procéder à la qualification des faits;Rédiger le rapport d'enquête;Déclencher la protection fonctionnelle;Initier l'enquête administrative;5;L'enquête administrative doit être initiée avant de collecter les éléments de preuve.
Dans quel cas peut-on déclencher des mesures conservatoires de protection fonctionnelle ?;Si la personne mise en cause a déjà été sanctionnée;Si la victime a déjà porté plainte au pénal;Si les faits présentent un caractère de vraisemblance et de gravité;Si l'enquête administrative a déjà rendu ses conclusions;4;Les mesures conservatoires sont déclenchées lorsque les faits présentent un caractère suffisant de vraisemblance et de gravité.
Quelle est la finalité d'un changement d'affectation de la personne mise en cause à titre conservatoire ?;La suspension de l'agent en attente de jugement;La mise en œuvre de la procédure disciplinaire;La protection immédiate de la victime;L'intérêt du service et non la sanction;5;Le changement d'affectation doit se faire dans l'intérêt du service et non par volonté de sanctionner.
Quel document clôture la phase de l'enquête administrative ?;Le compte rendu de l'entretien;La décision de sanction;Le rapport d'enquête;Le procès-verbal de témoignage;4;Les conclusions de l'enquête administrative sont formalisées par le rapport d'enquête.
Quelles sanctions du premier groupe ne nécessitent pas la consultation du conseil de discipline ?;La radiation du tableau d'avancement et l'abaissement d'échelon;L'avertissement le blâme et l'exclusion de trois jours max;La mise à la retraite d'office et la révocation;La rétrogradation et l'exclusion de seize jours à deux ans;3;Les sanctions du premier groupe sont celles qui ne requièrent pas de saisine du conseil de discipline.
Quelle est la conséquence statutaire possible pour un fonctionnaire stagiaire suite à des faits avérés ?;Être immédiatement révoqué;Être rétrogradé d'échelon;Ne pas être titularisé;Être déplacé d'office;4;Le guide mentionne la non-titularisation comme une mesure possible dans l'intérêt du service.
Que doit faire l'administration concernant la procédure disciplinaire par rapport à la procédure judiciaire ?;Suspendre toute sanction jusqu'au jugement du tribunal;Engager la procédure sans attendre l'issue du judiciaire;Attendre la décision pénale définitive pour agir;Transférer systématiquement la charge de la preuve au juge pénal;3;L'article 4.2 précise qu'on peut engager la procédure disciplinaire sans attendre l'issue de la procédure judiciaire.
Quelle mesure peut être prise concernant un agent contractuel en cas de faits graves ?;Ne pas renouveler son contrat à durée déterminée;Procéder à sa mise à la retraite d'office;Lui retirer son emploi fonctionnel immédiatement;Lui imposer un stage de citoyenneté obligatoire;2;Le non-renouvellement du CDD est une mesure spécifique mentionnée pour les situations particulières.
Quel texte régit la suspension à titre provisoire et conservatoire d'un membre du personnel enseignant et hospitalier des CHU ?;Le décret n° 2021-1645 du 13 décembre 2021;La loi du 13 juillet 1983;Le code du travail;Le décret n° 86-442 du 14 mars 1986;2;L'annexe 3 mentionne l'article 26 du décret n°2021-1645 du 13 décembre 2021 concernant la suspension des personnels des CHU
Que contient l'annexe 2 du guide ?;Les tableaux des sanctions disciplinaires prises dans la fonction publique de l'État;La liste des références juridiques principales;Le bilan des saisines de l'année 2021;Le détail des procédures pour les praticiens hospitaliers;2;L'annexe 2 est explicitement intitulée Tableaux des sanctions disciplinaires prises dans la fonction publique de l'État
Où peut-on trouver les principales références juridiques du guide ?;Dans l'éditorial;Dans la partie 1;Dans l'annexe 2;Dans l'annexe 1;5;L'annexe 1 est dédiée à la bibliographie et aux principales références juridiques
