Quelle est la région qui compte le plus grand nombre de femmes fonctionnaires BOETH ?;La Nouvelle-Aquitaine;Auvergne-Rhône-Alpes;L'Occitanie;L'Île-de-France;5;L'Île-de-France totalise 21 580 femmes BOETH
Quelle est la limite concernant les aides du FIPHFP mentionnée dans le rapport ?;Elles ne sont pas distribuées en 2023;Elles ne sont pas destinées aux femmes;Elles ne concernent que la fonction publique d'État;Elles ne sont pas identifiées par sexe;5;Il est impossible de spécifier les montants attribués aux femmes car les aides ne sont pas identifiées par sexe
Quelle seule fonction publique a présenté une discrimination selon le sexe du candidat lors du testing ?;La fonction publique d'État;La fonction publique militaire;La fonction publique territoriale;La fonction publique hospitalière;4;Une discrimination selon le sexe du candidat avait été décelée dans la seule fonction publique territoriale
Quelle est la région qui enregistre le plus petit nombre de femmes fonctionnaires BOETH ?;La Guyane;Mayotte;La Martinique;La Guadeloupe;3;Mayotte possède le plus petit nombre avec seulement 116 femmes fonctionnaires
Quel est l'objectif de taux minimal de personnes de chaque sexe pour les primo-nominations à compter du 1er janvier 2026 ?;50 %;45 %;35 %;40 %;2;La loi du 19 juillet 2023 révise les objectifs de primo-nominations pour les porter à 50 % à partir de 2026
À partir de quelle date le quota de 50 % par sexe s'applique-t-il pour les nominations dans les cabinets ministériels ?;1er janvier 2026;1er janvier 2024;1er janvier 2027;1er janvier 2025;2;Le texte prévoit un quota de 50 % pour les cabinets ministériels et du président de la République dès 2026
Quel était le pourcentage de femmes occupant les emplois concernés par le DNE en 2022 pour l'ensemble de la fonction publique ?;39 %;35,5 %;44,5 %;37,5 %;5;En 2022 sur 6 605 emplois concernés par le DNE 2 481 étaient occupés par des femmes soit 37,5 %
Dans la fonction publique de l'État en 2022 quel était le taux de femmes parmi les primo-nominations ?;36,5 %;40 %;43 %;42 %;4;Pour la FPE en 2022 il y a eu 698 primo-nominations dont 299 femmes soit 43 %
Quel objectif de présence minimale de personnes du même sexe est introduit pour les emplois supérieurs et de direction dès 2027 ?;50 %;45 %;40 %;30 %;4;La loi introduit un objectif de 40 % au moins de personnes du même sexe en emploi sur ces postes dès 2027
En 2023 quel ministère n'a pas réussi à atteindre l'objectif de 40 % de primo-nominations dans la fonction publique de l'État ?;L'Intérieur;Les Affaires étrangères;La transition écologique;L'Éducation nationale;4;Seul le ministère de la transition écologique n'a pas atteint l'objectif en 2023 pour la FPE
Quel est l'objectif de la part des femmes sur les postes de direction à la DGE entre mi-2020 et mi-2024 ?;Passer de 28 % à 47 %;Passer de 21 % à 41 %;Passer de 25 % à 45 %;Passer de 35 % à 50 %;3;La part des femmes sur les emplois de direction à la DGE est passée de 21 % à 41 % sur cette période.
Quel programme de la mairie de Paris s'adresse aux femmes cadres de catégorie B depuis 2024 ?;Paris Talents;Paris Pluri'elles;Paris Mixité;Paris Égalité;3;Le programme Paris Pluri'elles a étendu sa cible aux femmes cadres de catégorie B en 2024.
Dans le programme Tremplin du MEAE quel est le nombre d'heures de coaching individuel proposé ?;15 heures;5 heures;20 heures;10 heures;5;Le programme Tremplin prévoit 10 heures de coaching individuel par participante.
Quel est l'objectif principal du cycle supérieur Ariane au sein du ministère de l'Intérieur ?;Réduire les écarts de salaire;Promouvoir le leadership et le management;Favoriser la mobilité internationale;Améliorer la gestion du temps;3;Le cycle Ariane est destiné à promouvoir le leadership, le management et l'ambition professionnelle des cadres féminins.
Combien de femmes ont bénéficié du mentorat de l'association INSP 50/50 en 2023 ?;350 femmes;300 femmes;250 femmes;400 femmes;3;L'association INSP 50/50 a proposé un coaching personnalisé à 300 femmes en 2023.
Quel est l'objectif de la mission de la DINUM avec le programme ADA pour les agentes du numérique ?;Accompagner l'évolution de carrière;Réduire les écarts de salaire;Recruter des profils techniques;Former au management public;2;Le programme ADA vise à accompagner les agentes de la tech dans leur évolution de carrière et leur mobilité.
Quel est le taux de femmes dans les effectifs en charge du numérique de l'État ?;29 %;25 %;42 %;16 %;3;Le rapport indique qu'on compte actuellement 25 % de femmes dans le numérique de l'État.
Combien de bénéficiaires le programme ADA de la DINUM prévoit-il pour 2024 ?;12;48;25;24;5;En 2024, 24 bénéficiaires vont être accompagnées par le programme ADA.
Quel est l'objectif de pourcentage de femmes militaires fixé par la loi de programmation 2024-2030 ?;17 %;34 %;20 %;50 %;4;Le ministère des armées s'est donné un objectif de 20 % de femmes militaires à l'horizon 2030.
Quelle est la part des femmes parmi les auxiliaires de puériculture à la mairie de Paris ?;94 %;82 %;99 %;91 %;4;Le texte mentionne que 99 % des auxiliaires de puériculture sont des femmes.
Quelle est la part d'hommes parmi les étudiants en formation de sage-femme en 2022 ?;10 %;13 %;2,5 %;17 %;4;En 2022, sur 4056 étudiants, 101 étaient des hommes soit environ 2,5 %.
Quel est le taux d'écart de salaire moyen entre les femmes et les hommes dans la fonction publique hospitalière en 2021 ?;8 %;20 %;11 %;13 %;3;Le tableau des salaires mensuels nets moyens en 2021 indique un écart de 20 % pour la FPH.
Quel est l'écart de salaire moyen en équivalent temps plein entre les femmes et les hommes dans la fonction publique en 2021 ?;11,3 %;20 %;8 %;14,8 %;2;Le texte précise que l'écart est de 11,3 % pour l'ensemble de la fonction publique.
Quels sont les deux principaux facteurs expliquant la ségrégation salariale selon le rapport ?;Les primes spécifiques et le type d'employeur;Le manque de formation et l'âge des agents;Les différences de diplômes et le temps partiel;La ségrégation des postes et les interruptions de carrière;5;Le rapport cite la ségrégation des postes et les parcours avec temps partiel ou interruptions.
À métier et avancement équivalents, quel est l'écart de rémunération brute dans les ministères en 2023 ?;-9,1 %;-11,0 %;-2,0 %;-4,7 %;4;L'enquête de la SDessi indique que l'écart se réduit à -2,0 % à métier et avancement équivalents.
Quelle loi a instauré l'index de l'égalité professionnelle dans la fonction publique d'État ?;La loi de programmation 2024-2030;La loi de 2012;La loi du 19 juillet 2023;La loi du 30 novembre 2018;4;L'index dans la FPE est mis en place par la loi n° 2023-623 du 19 juillet 2023.
Quelle est la condition de taille d'employeur pour publier l'index de l'égalité professionnelle ?;Au moins 250 agents en gestion;Au moins 100 agents en gestion;Au moins 50 agents en gestion;Au moins 50 agents civils;4;La loi prévoit que les employeurs comptant au moins 50 agents en gestion doivent publier les résultats.
