Quelle est la différence fondamentale entre une dispute de couple et une violence conjugale ?;L'absence de communication verbale;Le rapport d'égalité entre les deux personnes;La présence d'un conflit d'intérêt;La durée de l'échange relationnel;3;Les violences se distinguent des simples disputes par l'absence de rapport d'égalité entre les partenaires.
Quelles sont les quatre phases qui composent le cycle de la violence conjugale ?;Peur, colère, espoir, excuse;Conflit, explosion, pardon, acceptation;Tension, agression, réconciliation, justification;Menace, coup, regret, oubli;4;Le modèle décrit un cycle composé de la tension, l'agression, la réconciliation et la justification.
Selon l'enquête Cadre de vie et sécurité, quel pourcentage des victimes de violences sexuelles ou physiques dans le couple subit des perturbations au travail ?;20 % des victimes;72 % des victimes;37 % des victimes;57 % des victimes;5;L'enquête révèle que les violences ont entraîné des perturbations sur le travail pour 57 % des victimes.
Quel type de violence peut être exercé via les réseaux sociaux ou par téléphone ?;Les violences uniquement physiques;Les violences par techniques de communication;Les violences strictement économiques;Les violences uniquement administratives;3;Les violences peuvent s'exercer via les techniques d'information et de communication comme le téléphone ou les réseaux sociaux.
Quel pourcentage de répondants ayant subi des violences conjugales déclare avoir été en retard à cause de ces violences ?;Un quart des répondants;Près de la moitié des répondants;Environ dix pour cent des répondants;Soixante pour cent des répondants;2;L'enquête ONEINTHREEWOMEN précise qu'un quart des répondants concernés ont déclaré être en retard.
Quelle est la plage de jours de travail perdus par an en raison des violences conjugales ?;De 5 à 25 jours;De 10 à 45 jours;De 5,5 à 33 jours;De 2 à 15 jours;4;Le document indique que les jours de travail perdus vont de 5,5 à 33 jours par an.
Quel est l'impact principal sur la productivité pour la moitié des répondants ayant subi des violences ?;La perte de motivation globale;Le refus de collaborer avec l'équipe;L'augmentation du taux d'absentéisme;La baisse de concentration et d'efficacité;5;La moitié des répondants ont déclaré une baisse de productivité due à la distraction et à la fatigue.
Quel pourcentage de personnes ayant subi des violences conjugales connaissent un collègue dans cette situation ?;Plus de 10 pour cent;Exactement 50 pour cent;Près de 25 pour cent;Environ 5 pour cent;2;L'enquête mentionne que plus de 10 % des répondants connaissent un collègue victime.
Quel risque particulier est lié à la généralisation du télétravail selon le texte ?;L'augmentation des risques de cyberharcèlement professionnel;La réduction des opportunités de formation à distance;La violence peut survenir au domicile pendant le temps de travail;L'impossibilité totale de séparer les tâches administratives;4;Le texte souligne que l'agent peut être victime de violence en télétravail, c'est-à-dire à son domicile pendant son temps de travail.
Quel article du Code général de la fonction publique impose la mise en place de dispositifs de signalement pour les agents victimes ?;L'article L.121-1;L'article L.135-6;L'article L.222-3;L'article L.132-1;3;Cet article impose de recueillir les plaintes des agents victimes d'atteintes à leur intégrité ou de violences.
Que prévoit l'accord du 30 novembre 2018 concernant les dispositifs de signalement dans la fonction publique ?;L'interdiction de toute sanction disciplinaire contre l'auteur des faits;La création automatique d'un fonds d'aide financière pour les victimes;L'obligation de fournir un logement d'urgence à chaque agent victime;L'extension aux violences d'origine extra-professionnelle détectées au travail;5;L'accord incite les employeurs à étendre le dispositif aux violences et harcèlements extra-professionnels.
Comment le protocole d'accompagnement des victimes doit-il être élaboré au sein d'une administration ?;Par les services de police et de gendarmerie;De façon concertée avec l'ensemble des parties prenantes;Par décision unilatérale du ministre de tutelle;Uniquement par la direction des ressources humaines;3;Le protocole doit être élaboré avec les services sociaux, médecins, RH et représentants du personnel.
Quelle mesure est suggérée pour faire connaître l'engagement de l'administration en faveur de l'égalité professionnelle ?;L'obligation de former tous les agents au droit pénal;La publication annuelle du nom des auteurs de violences;L'organisation de réunions obligatoires chaque semaine;La diffusion d'une charte d'engagement à la prévention des violences;5;Le texte mentionne la charte d'engagement comme un moyen de faire connaître l'engagement de l'administration.
Quel comportement peut être un signe d'alerte chez un agent victime ?;Une augmentation soudaine de la productivité;Une demande de formation supplémentaire;Une amélioration de la vie sociale;Un changement de performance ou d'attention;5;Les erreurs et les problèmes d'attention sont des signaux de détection mentionnés.
Quelle posture l'encadrant doit-il adopter lors du recueil de la parole ?;Une caractérisation précise des faits;Une écoute active et bienveillante;Une enquête administrative rigoureuse;Un jugement sur les choix de l'agent;3;L'entretien ne doit pas être une enquête et doit privilégier la bienveillance.
Quelle phrase peut aider à déculpabiliser une victime lors de l'échange ?;Il est important de rester discret;Vous devriez porter plainte immédiatement;Vous avez mal réagi à la situation;L'agresseur est le seul responsable;5;Le texte précise que l'agresseur est le seul responsable pour déculpabiliser la victime.
Quelle action peut être proposée pour faciliter les démarches de l'agent ?;L'obligation de justifier chaque absence;Le maintien strict des horaires habituels;La suppression des congés de récupération;L'aménagement des horaires de travail;5;L'aménagement des horaires est une facilité RH suggérée pour soutenir l'agent.
Quel est le délai maximal entre la saisine du juge et l'audience pour une ordonnance de protection ?;30 jours;6 jours;48 heures;15 jours;3;C'est une procédure d'urgence créée en 2010.
Qui prend en charge le coût des frais de garde en crèche pour les agents bénéficiant de places réservées ?;La famille;L'employeur;L'État;L'administration;2;L'État réserve les places mais le coût reste à la charge des familles.
Quelle mesure de sécurité peut être mise en place pour limiter le harcèlement sur le lieu de travail ?;Proposer un congé de longue durée;Modifier le numéro de téléphone professionnel;Demander un changement de bureau;Changer de service immédiatement;3;Cela permet de limiter le harcèlement sur le temps et le lieu de travail.
Quelle est la fonction principale du bracelet anti-rapprochement (BAR) ?;Géolocaliser l'auteur et alerter en cas d'approche;Protéger physiquement la victime par un bouclier;Suivre les déplacements de la victime en tout temps;Identifier l'adresse exacte du domicile conjugal;2;Il déclenche une alerte si l'auteur s'approche du périmètre défini par le juge.
Quelle obligation s'applique aux agents publics en toutes circonstances selon le Code général de la fonction publique ?;L'obligation de réserve;L'obligation de neutralité;L'obligation de discrétion;L'obligation de dignité;5;L'article L. 121-1 impose aux agents une obligation de dignité.
Quel critère est déterminant pour justifier une sanction disciplinaire envers un auteur de violences ?;La nature de la religion de l'auteur;Le montant des dommages et intérêts;La réalité du trouble au fonctionnement du service;La durée de l'absence de l'agent;4;L'opportunité de poursuites dépend de la réalité d'un trouble au fonctionnement du service.
Quel est le numéro national de référence pour l'écoute et l'orientation des femmes victimes ?;17;3117;3919;114;4;Le 3919 est le numéro national gratuit et anonyme pour l'écoute et l'orientation.
Quel est l'objectif de la plateforme numérique de signalement PNAV ?;Délivrer des ordonnances de protection;Fournir un hébergement d'urgence immédiat;Organiser des médiations de couple;Faciliter le signalement et accompagner le dépôt de plainte;5;La PNAV permet de dialoguer avec des policiers ou gendarmes formés pour accompagner le signalement.
Quel est le rôle principal des référents des CIDFF dans les départements ?;Remplacer les forces de l'ordre pour les interventions;Assurer la coordination des partenaires locaux et un maillage territorial;Gérer les dossiers de demande de pension alimentaire;Proposer des solutions de relogement d'urgence;3;Les CIDFF assurent la coordination locale et un accompagnement global des victimes.
Où peut-on trouver les kits pédagogiques de la MIPROF ?;Sur le site du Conseil de l'Europe;Sur le site de la Fondation FACE;Sur le site de l'INSEE;Sur le site arretonslesviolences.gouv.fr;5;Tous les kits pédagogiques de la MIPROF sont accessibles sur le site officiel arretonslesviolences.gouv.fr.
