Quel est le nouveau coefficient de l'entretien unique depuis la réforme ?;Coefficient 5;Coefficient 8;Coefficient 10;Coefficient 7;3;L'entretien unique vaut désormais coefficient 8
Quel document le candidat doit-il transmettre en amont de l'épreuve ?;Un dossier de compétences;Un curriculum vitae libre;Un rapport d'activité;Une lettre de motivation;3;Le candidat transmet un curriculum vitae libre en amont
Quelle est la durée totale de l'entretien unique après la réforme ?;30 minutes;40 minutes;45 minutes;50 minutes;3;L'entretien unique dure 40 minutes
Comment se compose l'entretien unique depuis la réforme ?;Présentation et mises en situation;Deux épreuves séparées;Une analyse de cas et un entretien;Une étude de dossier;2;Il comprend une présentation et des mises en situation pour évaluer le savoir-être
Quelle est la posture attendue pour les solutions proposées lors de la mise en situation ?;Uniquement réglementaires;Réalistes et opérationnelles;Purement administratives;Théoriques et conceptuelles;3;Le jury insiste sur le caractère pragmatique et concret des propositions.
Comment le jury évalue-t-il la structuration de l'exposé pour éviter un aspect artificiel ?;Par la cohérence avec l'analyse;Par une liste de questions;Par un récit chronologique;Par un plan scolaire strict;2;Une structuration doit être cohérente avec l'analyse et non simplement appliquée de façon standardisée.
Quel est l'écueil fréquent concernant le positionnement hiérarchique du candidat ?;Répondre comme un cadre A;Répondre comme un cadre supérieur;Répondre comme un expert technique;Répondre comme un agent d'exécution;2;Les candidats peinent souvent à adopter la posture d'un cadre supérieur (IP) plutôt que celle d'un cadre A.
Sur quoi repose la qualité de l'exposé de mise en situation selon le jury ?;La rapidité de l'exécution orale;La maîtrise de connaissances techniques précises;La mémorisation de textes réglementaires;La compréhension du sujet et le bon sens;5;L'épreuve vise à évaluer le comportement face à des cas pratiques et non des connaissances techniques pures.
Quelle erreur de lecture peut conduire à un traitement partiel du sujet ?;Une lecture trop approfondie du texte;Une lecture uniquement des questions;Une lecture trop lente des consignes;Une lecture trop rapide de l'énoncé;5;Une lecture trop rapide est souvent la cause de hors-sujets ou de traitements incomplets.
Comment les jurys qualifient-ils les présentations de parcours trop centrées sur l'individu ?;Des présentations qui se mettent en valeur au détriment du collectif;Des présentations qui ne respectent pas le temps imparti;Des présentations qui sont trop riches en exemples concrets;Des présentations qui manquent de clarté sur les compétences;2;Le jury note que l'exposé est parfois trop personnel au sens où le candidat se valorise au détriment du collectif.
Quel défaut est souvent reproché aux candidats qui se contentent de restituer des connaissances ?;Un manque d'analyse et de mise en perspective;Un manque de structure dans le plan adopté;Un manque de précision sur les dates clés;Un manque de détails sur les missions actuelles;2;Les jurys déplorent que les réponses restent théoriques sans apport de valeur ajoutée par l'analyse ou la mise en perspective.
Quelle est la principale critique concernant les plans de présentation du parcours ?;Ils sont trop complexes et difficiles à suivre;Ils sont souvent trop formatés ou descriptifs;Ils sont trop centrés sur les missions techniques;Ils sont trop longs et dépassent les sept minutes;3;Le jury regrette des présentations souvent descriptives et des plans majoritairement identiques et formatés.
Que doivent faire les candidats pour mieux valoriser leur parcours professionnel ?;Énumérer l'intégralité de leurs diplômes obtenus;Répéter leur parcours de manière naturelle;Détailler chaque tâche technique effectuée;Illustrer leurs propos par des exemples concrets;5;Les meilleures présentations sont celles illustrées par des exemples concrets de mises en œuvre ou de réalisations.
Quel est le risque majeur de présenter son parcours comme un simple prolongement de carrière ?;Ne pas montrer son envie de changer de métier;Ne pas prouver sa maîtrise des compétences techniques;Ne pas démontrer sa capacité à se projeter comme IP;Ne pas respecter la hiérarchie de la DGFiP;4;Beaucoup de candidats voient la promotion comme un prolongement naturel sans comprendre que l'accès à l'IP est une nouvelle étape de carrière.
Quel est le facteur clé pour réussir les épreuves orales selon les rapports ?;La gestion du stress;La maîtrise technique;La rapidité de parole;La lecture du sujet;2;La gestion du stress est citée comme un facteur clé de réussite.
Quelle attitude permet d'obtenir les meilleures notes lors des échanges ?;Rester très discret;Avoir des positions franches;Suivre un plan scolaire;Donner des réponses convenues;3;Les meilleures notes sont attribuées à ceux capables d'avoir des positions franches.
Que doit éviter un candidat pour ne pas paraître désincarné ou formaté ?;Le respect du temps imparti;L'absence d'opinion personnelle;La structuration des idées;L'utilisation de la documentation;3;Le manque d'opinion personnelle et de réflexion propre rend les réponses formatées.
Comment un candidat doit-il interagir avec le jury pour réussir ?;Rester dans la théorie;Instaurer un climat d'échange;Maintenir une distance;Éviter toute contradiction;3;Réussir à instaurer un climat d'échange est un point positif pour les prestations.
Quelle erreur de posture nuit à l'évaluation des compétences managériales ?;Ignorer les réformes de la DGFiP;Ne pas prendre en considération l'entourage;Répondre avec trop d'assurance;Proposer des solutions trop complexes;3;Se positionner sans considérer l'entourage professionnel empêche l'évaluation des compétences.
Quel est l'impact d'une réponse uniquement théorique sans mise en perspective lors de l'échange avec le jury ?;Elle permet de mieux structurer l'argumentation;Elle n'apporte pas de réelle valeur ajoutée;Elle démontre une expertise technique supérieure;Elle facilite la prise de décision immédiate;3;Les réponses purement théoriques sont jugées sans valeur ajoutée car elles manquent de mise en perspective.
Quelle conséquence le jury associe-t-il à une méconnaissance des réformes et de l'actualité de la DGFiP ?;Une difficulté à respecter le temps de parole;Une crédibilité insuffisante des propos tenus;Une incapacité à gérer le stress de l'épreuve;Une erreur de lecture de l'énoncé du cas;3;Le manque de connaissances sur l'actualité et les réformes rend les propos peu crédibles.
Quel est le risque pour un candidat qui ne parvient pas à se positionner comme un cadre supérieur dans ses réponses ?;Il manque de connaissances techniques précises;Il démontre une trop grande hauteur de vue;Il propose des solutions trop innovantes;Il répond avec une posture de cadre A;5;L'un des écueils est de répondre en tant que cadre A et non en tant qu'inspecteur principal.
Que reproche le jury aux candidats qui proposent des solutions de management trop réglementaires ?;Des propositions jugées trop extrêmes;Une incapacité à respecter la hiérarchie;Une présentation trop longue de l'exposé;Un manque total de connaissances juridiques;2;Une approche trop réglementaire conduit souvent à des propositions extrêmes comme les procédures disciplinaires.
Comment le jury juge-t-il les candidats qui ne parviennent pas à exprimer une opinion personnelle ?;Leurs réponses sont jugées trop techniques;Leurs réponses sont jugées trop détaillées;Leurs réponses sont jugées trop complexes;Leurs réponses sont jugées trop convenues;5;L'absence d'opinion personnelle conduit à des réponses très convenues et sans relief.
Si un directeur commet une erreur en public, quelle réaction est testée ?;Ne rien dire pour préserver l'autorité;Nuancer ses propos avec discrétion;Demander une réunion de crise urgente;Le contredire immédiatement devant tous;3;Le jury teste la capacité à gérer l'image du supérieur tout en étant diplomate.
Que doit faire un IP face à un agent qui abuse de l'alcool en service ?;Ignorer l'incident pour ne pas créer de conflit;Réagir avec professionnalisme et discernement;Signaler immédiatement une procédure disciplinaire;Demander au directeur de gérer seul le problème;3;Le jury évalue la capacité à gérer une situation de crise managériale complexe.
Comment un candidat peut-il illustrer son parcours pour éviter un aspect désincarné ?;En citant uniquement ses titres et fonctions;En listant ses compétences techniques théoriques;En récitant son CV de manière chronologique;En utilisant des exemples concrets de réalisations;5;L'utilisation d'exemples concrets est recommandée pour donner du relief au parcours.
Quelle question porte sur la relation entre la DGFiP et les acteurs locaux ?;Comment le préfet gère-t-il le secret fiscal ?;Quelle est l'influence du maire sur le SIE ?;Quels sont les liens entre un Directeur FiP et le préfet ?;Comment fonctionne la fusion DGI-DGCP ?;4;Le lien avec le préfet est une question classique sur l'environnement institutionnel.
