Quel document détaille l'état du parc immobilier d'un ministère et ses perspectives sur cinq ans ?;Le schéma directeur des bases de défense (SDI BdD);Le schéma directeur immobilier régional (SDIR);Le schéma pluriannuel de stratégie immobilière (SPSI);Le plan de relance de la rénovation énergétique;4;Le SPSI est le support de la politique immobilière ministérielle détaillant le parc et les évolutions sur cinq ans.
Quelle est la responsabilité de la mise en œuvre des schémas à l'échelle départementale ?;Le Conseil de l'immobilier de l'État;La direction de l'immobilier de l'État;Les ministères de tutelle;Les préfets;5;La circulaire de 2009 prévoit que les schémas doivent être réalisés à l'échelle départementale sous la responsabilité des préfets.
Quel taux de réalisation des projets de SPSI pour les opérateurs était constaté au 5 août 2022 ?;73 %;44 %;9 %;59 %;5;La DIE n'avait reçu que 264 projets sur 437 opérateurs inscrits au PLF 2022 soit un taux de 59 %.
Quelle critique majeure le Conseil de l'immobilier de l'État a-t-il formulée sur les SDIR de première génération ?;Leur coût est trop élevé;Leur gestion est trop centralisée;Leur périmètre est trop restreint;Leur calendrier est trop long;4;Le Conseil a estimé que le périmètre des SDIR ne couvrait que 9 % de l'immobilier de l'État et 44 % des bureaux.
Quel constat le Conseil de l'immobilier de l'État a-t-il fait sur les ratios d'occupation des SPSI ?;Ils dépassent la norme de 30 %;Ils sont inférieurs de 10 % à la norme;Ils sont parfaitement conformes à la norme;Ils sont variables selon les ministères;2;Le Conseil regrette que les ratios d'occupation dépassent de 30 % la norme de 18 m² SUB/PdT et 10 m² SUN/PdT.
Quels ministères disposent de compétences internes importantes pour tous les grands métiers de l'immobilier ?;Justice Culture et Enseignement supérieur;Économie Agriculture et Défense;Armées Finances et Intérieur;Travaux Publics Énergie et Transports;4;Le texte cite explicitement les armées, les finances et l'intérieur comme ayant des compétences internes importantes.
Quel est le rôle principal de la direction de l'immobilier et de l'environnement de la préfecture de police de Paris ?;Principal opérateur immobilier du ministère de l'Intérieur;Gestionnaire des services déconcentrés de l'État;Responsable de la stratégie de l'administration centrale;Organisme de contrôle des budgets régionaux;2;Avec 750 agents, elle est décrite comme le principal opérateur immobilier du ministère de l'Intérieur.
Comment est organisée la gestion immobilière au sein du ministère de l'économie depuis le 1er janvier 2022 ?;Externalisée à des établissements publics spécialisés;Répartie entre les différentes directions à réseau;Regroupée au sein d'un service unique du secrétariat général;Gérée exclusivement par la direction de l'immobilier de l'État;4;Le projet SG-Partenaire de confiance a regroupé les compétences au sein du service SIEP du secrétariat général.
Quelle est la particularité du service d'infrastructure de la défense (SID) du ministère des armées ?;Il ne s'occupe que de l'entretien courant des bâtiments;Il peut assurer la maîtrise d'ouvrage et la maîtrise d'œuvre;Il est géré par un établissement public spécialisé;Il est rattaché directement à la direction de la DGFiP;3;Le texte précise que le SID peut assurer lui-même la maîtrise d'ouvrage et même la maîtrise d'œuvre.
Quel constat est fait concernant les compétences immobilières dans les services déconcentrés comme les DREAL ?;Elles ont été renforcées par la création des SGCD;Elles sont désormais centralisées au niveau national;Elles se sont retirées de l'appui technique à la gestion immobilière;Elles sont les seules à posséder une expertise technique;4;Le texte indique que les DREAL se sont retirées depuis 2021 de l'appui technique à la gestion immobilière.
Quels sont les deux grands défis identifiés par la DIE pour la professionnalisation de la fonction immobilière ?;La stratégie et la maintenance;Le financement et la gestion;La centralisation et la déconcentration;Le recrutement et la formation;5;La DIE doit faire face au manque d'attractivité de la fonction publique et à l'évolution technique des métiers.
Quelle est la structure juridique de l'Agence Agile ?;Une agence interministérielle sous tutelle de la DIE;Une société anonyme dont le capital est détenu par l'État;Une direction rattachée au ministère des Finances;Un établissement public à caractère administratif;3;L'Agile est une société anonyme dont le capital est entièrement détenu par l'État.
Combien d'agents l'Agence Agile comptait-elle environ à la fin de l'année 2022 ?;Cinq cents agents;Une centaine d'agents;Mille agents;Une vingtaine d'agents;5;Les effectifs sont passés de cinq personnes au sein de la Sovafim à une vingtaine fin 2022.
Parmi les missions de l'Agile, laquelle concerne la valorisation des actifs et la sobriété énergétique ?;Le plan solaire photovoltaïque;L'audit des systèmes d'information immobiliers;La gestion des cités administratives;La conduite d'opérations de maîtrise d'ouvrage;2;L'Agile a pour mission la mise en place d'un plan solaire photovoltaïque.
Quel pourcentage des crédits de la LFI 2023 était porté par le budget général ?;92,0 %;96,3 %;86,8 %;13,2 %;3;Le budget général porte la quasi-totalité des crédits de paiement de la LFI 2023.
Quelle est la tendance des recettes du compte d'affectation spéciale (CAS) ces dernières années ?;Une tendance à la baisse;Une stabilisation totale;Une augmentation rapide;Une croissance constante;2;La logique de cession de biens s'épuise et les recettes diminuent.
Quelle est la mission principale du programme 348 ?;Moderniser le parc des cités administratives;Réduire les loyers budgétaires des ministères;Gérer les cessions de biens inutiles;Financer la construction de nouveaux sièges;2;Le programme 348 vise la modernisation des cités administratives.
Quel est l'objectif du programme 362 dans le cadre du plan de relance ?;La construction de logements sociaux;La rénovation énergétique des bâtiments;La gestion des services déconcentrés;Le désendettement de l'État;3;Le programme 362 est dédié à la rénovation énergétique des bâtiments.
Pourquoi les services occupants peuvent-ils être tentés de ne pas entretenir les bâtiments ?;Par l'application stricte des règles de gestion domaniale;Par l'obligation de respecter les normes de sécurité incendie;Par la nécessité de réduire les coûts de maintenance technique;Via le mécanisme de la fongibilité pour financer d'autres dépenses;5;La fongibilité permet de réallouer des crédits immobiliers vers d'autres besoins.
Quel a été l'effet du dispositif des loyers budgétaires sur la réduction des surfaces ?;Une baisse constante des surfaces depuis 2009;Un effet massif grâce aux sanctions financières appliquées;Aucun effet escompté car le dispositif manquait de suivi;Une réduction immédiate de 25 pour cent des surfaces;4;Le dispositif a échoué par manque de suivi et a donné lieu à des jeux d'écriture.
Quelle conséquence la réduction des surfaces pourrait-elle avoir sur le financement des travaux ?;Elle procurerait environ 25 milliards d'euros de ressources;Elle annulerait totalement le besoin de nouveaux crédits;Elle réduirait de moitié le coût de la transition énergétique;Elle permettrait de doubler les recettes du compte spécial;2;La réduction de 25 pour cent des surfaces est une source de financement estimée à 25 Md€.
Quel est le principal obstacle à la défense des intérêts de l'État propriétaire par la DIE ?;La DIE ne dispose d'aucun moyen de contrôle budgétaire;La DIE est tenue à l'écart de nombreuses décisions de gestion;La DIE ne possède pas de compétences juridiques suffisantes;La DIE n'a pas d'autorité sur les ministères de la Défense;3;La DIE n'intervient pas dans la gestion courante et les ministères maîtrisent les crédits.
Quel risque le sous-entretien des bâtiments fait-il peser sur le patrimoine de l'État ?;Une dégradation de la valeur du patrimoine immobilier;Une réduction automatique des dotations budgétaires;Une suppression des droits d'occupation domaniale;Une augmentation immédiate de la taxe foncière;2;Le manque d'entretien nuit à la valeur du patrimoine à long terme.
Quel est le montant annuel de financement supplémentaire estimé pour couvrir les travaux de rénovation entre 2024 et 2051 ?;10,0 Md€;1,5 Md€;2,4 Md€;5,0 Md€;4;Le texte prévoit un besoin de 67 Md€ sur la période, soit 2,4 Md€ par an.
Quel est l'objectif de réduction des surfaces du parc tertiaire pour générer des ressources ?;15 %;30 %;25 %;10 %;4;L'ambition ministérielle est une réduction de 25 % des surfaces du parc tertiaire.
Dans le scénario 1, quelle mesure permettrait de garantir la conformité d'une opération aux orientations de l'État ?;Le contrôle des loyers;La labellisation obligatoire;La création d'une foncière;Le transfert de propriété;3;Le scénario 1 prévoit que l'obtention de la labellisation deviendrait obligatoire.
Que propose le scénario 2 pour assurer la prise en compte des intérêts de l'État propriétaire ?;Une structure spécialisée sous l'autorité de la DIE;Un retour aux loyers budgétaires;Une dissolution de la DIE;Une gestion directe par les ministères;2;Le scénario 2 propose de confier le pilotage à une structure spécifique placée sous l'autorité de la DIE.
Quelle est la caractéristique principale du scénario 3 concernant la propriété des biens ?;La propriété est transférée à une foncière;La propriété reste aux ministères;La propriété est confiée aux préfets;La propriété est gérée par la DIE;2;Le scénario 3 propose de confier la propriété de l'immobilier à une entité externe sous le contrôle de l'État.
