Lors de quel comité le plan téléphone a-t-il été décidé ?;Le CITP de 2025;Le Conseil des ministres du 1er janvier 2024;Le CITP du 7 mai 2023;Le Conseil de défense de 2022;4;Comité interministériel de la transformation publique.
Quel taux de décroché le plan téléphone visait-il ?;50 %;100 %;70 %;85 %;5;Dans les 18 mois, soit d'ici décembre 2024.
Dans quel programme s'inscrit le plan téléphone ?;France Relance;Plan France Très Haut Débit;Action publique 2022;Services Publics plus;5;Engagement 2, facilité d'accès aux services publics.
Quelle part des échanges agent-usager se fait par téléphone ?;81 %;25 %;41 %;10 %;4;Près de 96 millions d'échanges en 2024.
Avant quelle date le numéro devait-il être facilement identifiable sur les sites ?;Décembre 2024;Juillet 2023;Juin 2026;Janvier 2023;3;Un des quatre engagements du plan.
Que mesure le taux de décroché agent ?;Les appels décrochés par un agent rapportés aux appels en file d'attente et dissuadés;La durée moyenne des appels;Tous les appels y compris le SVI;Les appels sortants;2;Les appels pris en charge par le serveur vocal ne sont pas comptés.
Combien de services publics le plan téléphone suit-il ?;100;12;25;30;5;Dont 25 mesurent un taux de décroché conforme.
Quel taux de décroché global est atteint au deuxième trimestre 2025 ?;77,6 %;81,8 %;85 %;90 %;3;Contre 77,6 % au lancement.
Combien de services dépassent 85 % de taux de décroché au deuxième trimestre 2025 ?;14 sur 25;10 sur 25;5 sur 25;25 sur 25;2;Contre 10 en mai 2023.
Combien de services mesurent la satisfaction téléphonique au deuxième trimestre 2025 ?;4;30;12;22;5;Ils n'étaient que 12 au départ.
Quel est le taux moyen de satisfaction téléphonique au deuxième trimestre 2025 ?;86 %;70 %;50 %;99 %;2;Sans méthode ni cible imposée.
Quel est le numéro unique de l'Assurance maladie ?;39 39;0 809 401 401;36 46;34 00;4;53 plateformes régionales.
À combien d'appels l'Assurance maladie est-elle montée en 2022 ?;Près de 40 millions;5 millions;18 millions;100 millions;2;Contre environ 18 millions avant la crise.
Quel taux de décroché l'Assurance maladie a-t-elle atteint en 2025 ?;85 %;99 %;69 %;50 %;2;Contre 69 % en 2024, cible 90 % en 2026.
Qu'est-ce que le plan de retour à l'équilibre de l'Assurance maladie ?;Une baisse des remboursements;Un appui aux dix CPAM les plus touchées;La fermeture de plateformes;Un plan d'économies budgétaires;3;Front office et back office, avec entraide entre caisses.
Quel est le numéro unique de la DGFiP pour les particuliers ?;0 809 401 401;17;30 39;36 46;2;Joignable de 8 h 30 à 19 h.
Combien de centres de contact compte la DGFiP ?;53;20;5;33;3;Avec environ 800 à 850 équivalents temps plein.
Pourquoi le taux de décroché de la DGFiP est-il passé de 80 % à 59 % en 2023 ?;Une panne;Le nouveau calcul exclut les appels traités par le SVI;La fermeture des centres;Une grève;3;L'enjeu est désormais la joignabilité des agents.
Par combien les flux téléphoniques de la DGFiP peuvent-ils être multipliés en campagne ?;Deux;Ils sont stables;Cent;Dix;5;Déclaration des revenus et avis d'imposition.
Quels nouveaux centres de contact la DGFiP a-t-elle ouverts ?;Lyon et Marseille;Lille et Cahors;Charleville-Mézières et Vesoul;Toulon et Brest;4;En 2023 et en septembre 2024.
Quel label le 0 809 401 401 a-t-il obtenu en avril 2025 ?;Services Publics plus Argent;Marianne Or;Label Diversité;ISO 9001;2;Il reconnaît la qualité de service des agents.
Quel taux de décroché la DGFiP vise-t-elle à l'horizon 2027 ?;85 %;59 %;70 %;100 %;2;Avec des technologies nouvelles et la formation.
Combien de jeunes la DSNJ accompagne-t-elle chaque année ?;Près de 800 000;80 000;1 200;8 millions;2;Pour la Journée défense et citoyenneté.
Quel taux de décroché la DSNJ a-t-elle atteint au deuxième trimestre 2025 ?;21 %;53 %;90 %;44 %;4;Contre 53 % au lancement du plan.
Quel service affiche le meilleur taux de décroché au deuxième trimestre 2025 ?;L'ONaCVG, 21 %;L'ANTAI, 98 %;La DGFiP, 82 %;France Titres, 60 %;3;Devant France Consulaire et le Casier judiciaire à 97 %.
Combien de rendez-vous téléphoniques ont été réalisés en 2024 ?;96 millions;600 000;60 000;Près de 12 millions;5;10 % des interactions téléphoniques.
Quelle part des dossiers est résolue lors d'un rendez-vous téléphonique à l'Assurance maladie ?;10 %;Près de 95 %;100 %;50 %;3;86 % des assurés en sont satisfaits.
Dans quel délai France Travail garantit-il le rappel par un conseiller ?;Une semaine;Deux heures;48 heures;Dix minutes;3;Rappel automatique quand les lignes sont occupées.
Quels sont les quatre leviers d'amélioration activés par les services ?;Communication, publicité, marketing, vente;Budget, immobilier, achats, juridique;Organisation, ressources humaines, outils, proactivité;Audit, contrôle, sanction, inspection;4;Sans ressources dédiées supplémentaires.
Qu'a démontré l'entraide entre caisses de la MSA ?;Une dégradation générale;Aucun effet;La fermeture de caisses;Une amélioration des caisses aidées sans dégradation des caisses en appui;5;Expérimentée dans neuf caisses.
Quel service généralise un robot conversationnel fondé sur l'IA ?;L'ONaCVG;L'Urssaf;Les rectorats;La DSNJ;3;L'usager peut en sortir à tout moment pour un conseiller.
Quelle action proactive a menée la CAF du Rhône ?;L'arrêt du téléphone;Une campagne publicitaire télévisée;Des appels sortants lors de la mise en place de la double authentification;La fermeture de son accueil;4;Exemple de contacts sortants.
Avec quel service la DITP a-t-elle coanimé le groupe de travail sur le rappel des usagers ?;L'Urssaf;La Cnam;La DGFiP;France Titres;2;France Titres pour le selfcare, la Cnam pour la qualité, la DGFiP pour l'omnicanal.
Quand le bilan du plan téléphone a-t-il été publié ?;Juillet 2023;Mai 2023;Février 2026;Décembre 2024;4;Par la DITP.
