Quelle organisation a proposé le premier travail normatif sur l'IA en 2019 ?;Le CSNP;L'OCDE;La DGAFP;L'Union Européenne;3;L'OCDE a proposé le premier travail normatif sur ce sujet en 2019.
Selon l'OCDE, quel est le potentiel de libération de temps pour les fonctionnaires à moyen terme ?;La totalité de leur temps;Un quart de leur temps;La moitié de leur temps;Près d'un tiers de leur temps;5;L'OCDE prévoyait en 2019 la possibilité de libérer près d'un tiers du temps des agents.
Quelle est la caractéristique principale des systèmes d'IA selon la définition de l'OCDE ?;Ils fonctionnent sans aucune donnée;Ils remplacent systématiquement l'humain;Ils sont totalement autonomes par nature;Ils génèrent des sorties par inférence;5;Un système d'IA infère des sorties comme des prédictions ou des décisions à partir d'entrées.
Quand le règlement européen sur l'IA entrera-t-il pleinement en vigueur ?;En 2026;En 2030;En 2024;En 2021;2;Le règlement adopté en mai 2024 n'entrera en vigueur qu'en 2026.
Quel élément est indispensable pour utiliser l'IA de manière éthique selon le document ?;L'utilisation exclusive de l'IA générative;Le remplacement des cadres par des algorithmes;La suppression de la supervision humaine;L'accès à des données de haute qualité;5;Les gouvernements doivent garantir l'accès à des données suffisantes de qualité et impartiales.
En quelle année la stratégie du ministère de la Transformation et de la Fonction publique pour le déploiement de l'IA a-t-elle été lancée ?;2021;2024;2022;2023;3;Le texte indique que la stratégie a été lancée le 5 octobre 2024
Quel est l'objectif transverse ajouté à la feuille de route des SIRH de l'État en mars 2024 ?;Améliorer la cybersécurité;Étudier l'usage de l'IA;Automatiser la paie;Réduire les coûts informatiques;3;L'objectif concerne l'utilisation de l'IA dans tous les domaines de la GRH
Sur quelle plateforme l'expérimentation de l'IA générative a-t-elle été mise en place ?;Services Publics +;Portail de l'administration;France Connect;Espace numérique public;2;L'expérimentation a été faite sur la plateforme Services Publics +
Quelle structure a créé l'AllIAnce public-privée pour favoriser les projets d'IA générative ?;Le Conseil d'orientation des politiques de ressources humaines;La DINUM;La DGAFP;Le ministère de la Transformation et de la Fonction publique;5;C'est le ministère de la Transformation et de la Fonction publique qui a lancé cette stratégie
Quel organisme a émis un avis proposant 30 recommandations dont 6 pour le service public ?;La DINUM;La CSNP;L'OCDE;Le CORH;3;La Commission supérieure du numérique et des postes (CSNP) a rendu cet avis en janvier 2024
Quel est l'avantage de l'IA pour les travailleurs moins qualifiés selon le document ?;Améliorer leurs performances;Augmenter leur temps de travail;Remplacer totalement leurs tâches;Réduire leur autonomie;2;L'IA peut améliorer la performance des travailleurs moins qualifiés tout en exposant davantage les hauts profils.
Quel rôle les professionnels de la prévention devront-ils jouer face à l'IA ?;Automatiser les processus;Gérer la pression numérique;Former les agents à l'IA;Réduire les coûts de l'IA;3;Les psychologues et ergonomes devront accompagner les agents dans la gestion de la pression numérique.
Comment l'IA peut-elle transformer la légitimité des managers ?;En automatisant le commandement;En supprimant le rôle de manager;En augmentant l'expertise technique;En favorisant les soft skills;5;La légitimité des managers se déplacera de l'expertise vers les compétences comportementales et l'authenticité.
Quel est le principe directeur pour la gouvernance de l'IA dans les organisations ?;La responsabilité humaine;La réduction des coûts;L'automatisation totale;La suppression des biais;2;La gouvernance doit être structurée autour du principe de la responsabilité humaine dans l'utilisation de l'IA.
Quels sont les trois thématiques regroupant les principes de la stratégie de la DGAFP ?;Recrutement et formation et gestion des données;Innovation et éthique et transformation numérique;Protection de l'administration et contrôle humain et déontologie;Sécurité informatique et autonomie et productivité;4;Les principes sont regroupés sous la protection de l'administration, le contrôle humain et la déontologie.
Quel est le principe directeur de l'usage de l'IA en GRH selon la DGAFP ?;Une optimisation maximale de la productivité;Une gestion basée sur la souveraineté des données;Une automatisation totale des processus RH;Un usage de l'IA centré sur l'humain;5;La stratégie repose sur un usage de l'IA centré sur l'humain.
Dans le cadre du contrôle humain, que doit prévoir la définition du cadre d'usage ?;La concertation avec les représentants du personnel;L'utilisation exclusive d'outils souverains;La formation obligatoire des agents de direction;La suppression de la validation humaine;2;Le cadre d'usage doit être défini en collaboration avec les représentants du personnel.
Que doit permettre la liberté des agents dans le cadre du contrôle humain ?;L'accès illimité à toutes les données sensibles;L'utilisation d'outils d'IA et de leurs résultats;Le choix des missions sans supervision hiérarchique;La modification des algorithmes de recrutement;3;La liberté des agents concerne l'usage des outils d'IA et de leurs résultats.
Quels sont les trois piliers nécessaires pour appliquer les principes de la stratégie en GRH ?;Sécurité, souveraineté et dialogue social;Productivité, compétences et accompagnement;Intégration et utilisation, planification RH et formation;Éthique, contrôle humain et protection des données;4;Le document définit trois piliers : intégration et utilisation, planification des ressources humaines et formation/accompagnement.
Que doit inclure la cartographie des risques pour assurer le contrôle interne de la stratégie ?;Les risques liés à l'utilisation de l'IA en GRH publique;Les risques de remplacement des fonctions humaines par l'IA;Les risques liés uniquement à la protection des données personnelles;Les risques de cyberattaques et de perte de souveraineté;2;La stratégie prévoit d'établir une cartographie des risques en GRH publique pour mettre en place un contrôle et un audit internes.
Quelle action est préconisée pour l'estimation des besoins en compétences dans le volet GPEEC ?;Remplacer les fiches de poste par des modèles générés par l'IA;Recruter massivement des profils issus du secteur privé technologique;Former uniquement les gestionnaires RH aux nouveaux outils numériques;Estimer les besoins actuels et futurs en compétences IA et complémentaires;5;Le volet planification RH demande d'estimer les besoins actuels et futurs en compétences IA ainsi qu'en compétences complémentaires.
Que doit prévoir le volet formation pour accompagner l'agentivité des agents ?;Une plateforme de signalement obligatoire pour chaque utilisation de l'IA;Un certificat de compétences numériques obligatoire pour tous les fonctionnaires;Un outil d'évaluation pour aider les chefs de projets dans le développement de services;Un programme de formation continue sur la cybersécurité et le RGPD;4;Pour accompagner l'agentivité, le document propose un outil d'évaluation pour assister les chefs de projets dans leur réflexion sur le développement de services utilisant l'IA.
Comment la stratégie propose-t-elle de gérer les règles combinant éthique RH et éthique numérique ?;En établissant des lignes directrices pour les deux domaines;En confiant la rédaction des règles uniquement à la DINUM;En créant un nouveau code de déontologie unique pour le numérique;En interdisant l'usage de l'IA pour les missions sensibles;2;Le volet formation et accompagnement prévoit d'établir des lignes directrices pour combiner les règles de l'éthique RH et de l'éthique numérique.
Dans le cadre de la GPEEC, quel critère est conseillé pour mesurer la transformation profonde d'un métier ?;Une tâche réalisée à 25 % par l'IA;Une tâche réalisée à 75 % par l'IA;Une tâche réalisée à 10 % par l'IA;Une tâche réalisée à 50 % par l'IA;5;Le document suggère de fixer une jauge de 50 % pour mesurer une transformation profonde.
Pour attirer des profils formés à l'IA, que doit préciser la fiche de recrutement ?;La durée totale du contrat de travail;La solution numérique et les tâches ajustées;Le nom du responsable de la structure;Le salaire proposé et le niveau d'études;3;La fiche doit mentionner les solutions numériques retenues et les fonctions d'accompagnement.
Que doit prévoir le volet formation pour accompagner le développement de l'agentivité des agents ?;Un outil d'évaluation pour les chefs de projets;Un guide de gestion des conflits internes;Un calendrier de formation obligatoire;Un manuel de procédures administratives;2;L'accompagnement de l'agentivité inclut un outil d'évaluation pour aider les chefs de projets.
Quelle mesure est proposée pour prévenir l'usage non approuvé d'outils par les agents ?;La limitation du temps de connexion;La lutte contre la Shadow IA;L'interdiction des outils génératifs;La suppression des accès internet;3;La Shadow IA désigne l'utilisation d'outils non approuvés par les agents pour leurs tâches.
