Qui est responsable de la définition des politiques RH de leur ministère et de leurs services déconcentrés ?;Les responsables de programme;Les chefs de projet;Les préfets de région;Les secrétaires généraux ou DRH centraux;5;La GPRH ministérielle est pilotée par les secrétaires généraux ou les DRH centraux par délégation.
Quel est le rôle principal du niveau de pilotage opérationnel dans la démarche GPRH ?;Fixer les orientations politiques globales;Produire les outils de gestion nationaux;Définir le cadre statutaire de l'emploi;Élaborer le plan GPRH de sa structure;5;Le niveau opérationnel doit élaborer son plan GPRH et contribuer au recensement des besoins.
Quelle est la mission principale des plates-formes régionales d'appui interministériel (PFRH) ?;Définir la politique RH ministérielle;Fixer les orientations du SSRH;Gérer les carrières des agents nationaux;Développer une GPEEC au niveau régional;5;Les PFRH sont chargées de développer la GPEEC au niveau régional et de faciliter la mobilité.
Quel acteur est le garant de la soutenabilité budgétaire des décisions RH ?;Le responsable de programme;Le responsable des affaires financières;Le responsable de service déconcentré;Le manager d'unité;3;Le responsable des affaires financières garantit la soutenabilité budgétaire des décisions prises.
Quelle mission est spécifiquement confiée au manager d'une unité opérationnelle ?;Être le premier échelon d'appréciation des différentiels de compétences;Assurer la régulation du droit de la fonction publique;Produire les outils de gestion nationale;Définir la politique RH ministérielle;2;Le manager est le premier échelon pour apprécier les écarts entre compétences actuelles et attendues.
Quel est le rôle principal du maître d'ouvrage dans une démarche GPRH ?;Il est le chef de projet opérationnel;Il est le responsable des statistiques;Il est le représentant des syndicats;Il est le DRH responsable du projet;5;Le DRH est désigné comme maître d'ouvrage tandis que le chef de projet est un chef de service
Quelle caractéristique doit impérativement respecter l'objectif opérationnel de la démarche ?;L'opérationnalité pour déboucher sur des actions concrètes;La complexité pour couvrir tous les enjeux;L'implicité pour ne pas lier les acteurs;La centralisation pour faciliter le pilotage;2;La GPRH doit viser l'opérationnalité pour que les analyses débouchent sur des actions réalisables
Dans le cadre du travail en réseau, quel est l'avantage majeur pour la réalisation des travaux ?;La suppression des processus itératifs;L'élimination des urgences de services;La souplesse et l'expertise nécessaire;La réduction des lignes hiérarchiques;4;L'organisation en réseau offre la souplesse et l'expertise nécessaire à la réalisation des travaux
À quel moment la communication est-elle jugée particulièrement utile selon le guide ?;Lors de la rédaction des fiches de poste;Lors de la diffusion du plan pluriannuel d'actions;Lors de la signature des contrats de travail;Lors de l'envoi de simples tableaux d'actualisation;3;L'envoi de tableaux ou de circulaires ne suffit pas et la diffusion du plan est un moment clé
Quand doit idéalement intervenir l'implication des représentants du personnel pour favoriser l'appropriation de la démarche ?;Dès la phase de préparation;Uniquement lors de la présentation du plan d'actions;Au moment du diagnostic des écarts;Lors de la validation finale du plan;2;L'implication en amont est une condition de l'appropriation de la démarche.
Quelle compétence est désormais relevant de la compétence des comités techniques selon la loi de 2010 ?;La validation des recrutements de catégorie A;La gestion budgétaire des unités opérationnelles;La gestion prévisionnelle des effectifs et des emplois;La définition des orientations politiques ministérielles;4;Les comités techniques sont compétents en matière de GPEEC.
Dans l'exemple du ministère des affaires sociales, quel organe a reçu les fiches métiers pour débat en 2014 ?;Le comité d'administration régionale;Le comité de pilotage interministériel;Le comité technique ministériel;Le comité de direction régional;4;Les fiches ont été présentées aux organisations syndicales en comités techniques ministériels.
Quelle méthode a été adoptée pour la mise à jour des métiers suite au constat que le CTM n'était pas le lieu le plus approprié ?;La consultation uniquement des managers de proximité;Le recours exclusif à des consultants externes spécialisés;La décision unilatérale de la direction des ressources humaines;La création de groupes de travail associant les syndicats;5;La méthodologie a été revue avec des groupes de travail associant les représentants syndicaux.
Quel est l'objectif de l'association des organisations représentatives du personnel lors de la détermination des besoins futurs ?;Remplacer le rôle des responsables de programme;Réduire les coûts liés à la formation des agents;Limiter l'impact des évolutions technologiques;Enrichir la réflexion sur le lien métiers et grades;5;L'association des organisations a vocation à enrichir la réflexion sur la mise en relation métiers et grades.
Quelle est la finalité principale de l'étape 1 concernant les ressources disponibles ?;Projeter les flux de départs à la retraite pour l'année suivante;Déterminer les besoins en compétences à l'horizon de 3 ans;Évaluer l'efficacité des actions du plan d'action RH;Effectuer une photographie des RH disponibles à l'instant T;5;L'étape 1 consiste à faire une photographie quantitative et qualitative des RH à l'instant T.
Dans l'étape 3, quel élément est indispensable pour ne retenir qu'une seule cible stratégique ?;La mesure de la soutenabilité budgétaire des scénarios;La consultation systématique des médias et de la presse;L'analyse des compétences rares et des missions critiques;La validation préalable par le comité d'audit interne;2;Il convient de mesurer la soutenabilité budgétaire des scénarii pour ne retenir qu'une seule cible.
Quelle est la particularité de l'étape 4 concernant les partenaires sociaux ?;Le diagnostic est exclusivement réservé à la direction;Le diagnostic doit être validé par la Cour des comptes;Le diagnostic doit être réalisé par un consultant externe;Le diagnostic doit être présenté aux organisations syndicales;5;Avant la mise en œuvre du plan d'action, il est important de partager le diagnostic avec les organisations syndicales.
Quelle action est réalisée lors de l'étape 5 pour assurer l'amélioration continue ?;L'ajustement annuel du plan de GPRH;La création des outils de gestion et des référentiels;La réalisation d'une photographie des effectifs actuels;La définition des orientations politiques ministérielles;2;L'étape 5 prévoit d'ajuster annuellement le plan en fonction des évolutions et des résultats.
Quel est l'un des objectifs des conférences annuelles de GPRH organisées par la DGAFP depuis 2007 ?;Favoriser une approche globale et partagée des politiques RH;Réduire systématiquement la masse salariale;Imposer une méthode unique à tous les ministères;Automatiser la gestion des carrières;2;Ces conférences visent à consolider le pilotage stratégique et favoriser une approche globale et partagée.
Quelle est la fréquence des ateliers d'échanges sur les pratiques RH entre secteurs public et privé proposés par la DGAFP ?;Une fois par an;Une fois par semestre;Une fois par trimestre;Tous les deux ans;4;La DGAFP propose une fois par trimestre des ateliers d'échanges sous format réunion-petit déjeuner.
Quel est l'objectif principal de la veille professionnelle dans la démarche GPRH ?;Contribuer à mieux anticiper les évolutions;Réduire les coûts de formation;Remplacer le dialogue social;Contrôler la présence des agents;2;La veille est un outil qui contribue à mieux anticiper les évolutions et stimule la réflexion.
Dans le cadre du parcours de professionnalisation des chargés de mission GPEEC, que traite le premier module ?;Le passage du constat au plan d'actions;Les fondamentaux de la GPRH et de la GPEEC;La construction de l'analyse prévisionnelle;La gestion des risques psychosociaux;3;Le premier module permet de connaître les démarches en abordant le contexte, les étapes, les acteurs et les outils.
Quel est le rôle de la DGAFP concernant les échanges internationaux ?;Organiser des concours internationaux;Imposer les méthodes françaises aux partenaires;Réaliser un recueil de pratiques internationales;Financer les réformes des pays étrangers;4;La DGAFP réalise un recueil de pratiques internationales pour enrichir la connaissance et mesurer le degré de maturité.
Quel décret prévoit la mise en œuvre d'un dispositif de contrôle et d'audit internes dans l'administration ?;Le décret n° 2008-06-02 du 2 juin 2008;Le décret n° 2011-184 du 15 février 2011;Le décret n° 2011-775 du 28 juin 2011;Le décret n° 2015-510 du 7 mai 2015;4;Ce décret relatif à l'audit interne prévoit la maîtrise des risques liés aux politiques publiques.
Quel organisme est chargé d'élaborer le cadre de référence de l'audit interne dans l'administration de l'Etat ?;Le comité technique ministériel;Le comité de pilotage de la GPRH;Le comité d'harmonisation de l'audit interne;Le comité d'administration régionale;4;Le CHAI harmonise la méthodologie de travail des ministères en matière d'audit.
Parmi les domaines d'audit cités, lequel est spécifiquement mentionné comme faisant l'objet de travaux du CHAI ?;L'audit de la GRH;L'audit de la formation;L'audit de la mobilité;L'audit de la rémunération;2;Le CHAI travaille sur l'audit achats, comptable et financier ainsi que sur l'audit de GRH.
Quel est l'un des objectifs fondamentaux de l'audit de la GPRH selon le document ?;Donner une garantie d'efficacité et de fiabilité des systèmes;Recruter les nouveaux agents des services déconcentrés;Définir les orientations politiques des services;Réduire directement la masse salariale des ministères;2;L'audit vise à garantir l'efficacité et la fiabilité des systèmes observés.
Que doit faire l'auditeur pour améliorer la gestion des processus RH ?;Sanctionner les erreurs de gestion;Remplacer les responsables RH;Éliminer les représentants du personnel;Préconiser des actions correctives;5;L'auditeur peut préconiser des actions comme la mise en place d'outils ou de formations.
