Quelles sont les trois principales catégories de recettes de fonctionnement ?;Ventes de produits, emprunts et subventions;Travaux en régie, impôts directs et dotations;Produits du domaine et services, subventions de l'Etat et impôts;Produits financiers, dotations et taxes indirectes;4;Les recettes de fonctionnement se répartissent en produits du domaine, subventions de l'Etat et impôts.
Parmi ces éléments, lequel constitue une dépense d'investissement ?;Le fonctionnement des services publics;Le remboursement du capital emprunté;Les intérêts des emprunts contractés;Les charges de personnel;3;Le remboursement du capital est une dépense d'investissement alors que les services et les intérêts sont des dépenses de fonctionnement.
Quelles sont les trois sources de recettes pour la section d'investissement ?;Ventes de services, dotations et impôts;Produits du domaine, subventions et impôts;Produits financiers, subventions et emprunts;Subventions, emprunts et autofinancement;5;Les recettes d'investissement proviennent des subventions, des emprunts et de l'autofinancement.
Quelle condition est nécessaire pour qu'un budget soit en équilibre réel ?;Les subventions doivent couvrir l'intégralité des dépenses;Les sections fonctionnement et investissement doivent être votées en équilibre;Les dépenses de personnel doivent être inférieures aux recettes;Les recettes doivent être supérieures aux dépenses d'investissement;3;L'équilibre réel exige que les deux sections soient respectivement votées en équilibre.
Que comprend le prélèvement utilisé pour couvrir le remboursement du capital ?;Les subventions et les dotations aux équipements;Les recettes de la section de fonctionnement uniquement;Les opérations d'ordre déduction faite des reprises sur autofinancement;L'intégralité des recettes propres d'investissement;4;Le prélèvement inclut les opérations d'ordre moins les reprises sur autofinancement.
Que peut-il se passer selon la règle L1612-7 du CGCT ?;Les recettes doivent être égales aux dépenses;La section investissement doit être en équilibre;Le budget doit obligatoirement être en déficit;Les deux sections peuvent être votées en excédent;5;La règle L1612-7 permet aux deux sections d'être votées en excédent.
Qui est redevable de la taxe d'habitation au 1er janvier de l'année ?;Le propriétaire uniquement;L'État;L'occupant du local;Le maire de la commune;4;L'occupant peut être soit le propriétaire occupant soit le locataire.
Quel est le taux d'abattement obligatoire pour les deux premières personnes à charge sur la taxe d'habitation ?;20 %;15 %;10 %;5 %;4;Les abattements obligatoires sont de 10 % pour chacune des deux premières personnes.
Sur quelle base est calculée la taxe foncière sur les propriétés bâties ?;75 % de la valeur locative;100 % de la valeur locative;50 % de la valeur locative;25 % de la valeur locative;4;La base d'imposition correspond à 50 % de la valeur locative.
Quelle est la composition de la contribution économique territoriale (CET) ?;La TFB et la CFE;La CVAE et l'IFER;La TH et la CFE;La CFE et la CVAE;5;La CET est composée de la cotisation foncière des entreprises et de la cotisation sur la valeur ajoutée.
Quel acteur perçoit la totalité des IFER du matériel roulant ferroviaire ?;Les régions;L'État;Les communes;Les départements;2;Les IFER du matériel roulant ferroviaire et des répartiteurs principaux sont perçus par les régions.
Quel est le plafond autorisé pour le taux de la taxe d'habitation par rapport à la moyenne nationale ?;1,5 fois la moyenne nationale;2,5 fois la moyenne nationale;3 fois la moyenne nationale;2 fois la moyenne nationale;3;Le texte précise que les taux de la TH FB et FNB ne peuvent être supérieurs à 2,5 fois la moyenne nationale ou départementale.
Qui nomme les commissaires des commissions d'impôts directs ?;Le directeur départemental des finances publiques;Le préfet de département;Le maire de la commune;Le conseil municipal;2;Les commissaires sont choisis par le directeur départemental des finances publiques sur une liste dressée par le conseil municipal.
Combien de membres composent la commission intercommunale des impôts directs en FPU ?;9 membres;11 membres;7 membres;15 membres;3;La commission intercommunale des impôts directs comprend 11 membres dont le président et 10 commissaires.
Comment calcule-t-on le potentiel fiscal par habitant ?;Produit des taxes divisé par le nombre de ménages;Somme des dotations divisée par la population;Produit potentiel financier divisé par la population;Produit potentiel fiscal divisé par la population;5;Le potentiel fiscal par habitant est le produit potentiel fiscal divisé par la population.
Quel indicateur mesure la pression fiscale d'une collectivité ?;Le coefficient d'intégration fiscale;Le ratio de richesse fiscale par habitant;Le taux de couverture de l'épargne brute;Le coefficient de mobilisation du potentiel fiscal;5;L'indicateur de pression fiscale est le Coefficient de mobilisation du potentiel fiscal.
Quelle est la part approximative de la dotation de péréquation dans la DGF ?;70 %;30 %;25 %;50 %;2;La dotation de péréquation représente environ 70 % de la DGF.
Quels critères sont utilisés pour lier la dotation de péréquation ?;Nombre de résidences secondaires et dotation DETR;Dépenses de personnel et niveau d'endettement;Population richesse fiscale et intégration fiscale;Nombre d'habitants et taux d'inflation;4;La DGF est liée à la population la richesse fiscale et l'intégration fiscale.
Quel est le montant total de la DETR pour l'année 2016 ?;815 millions d'euros;33,22 milliards d'euros;1,242 milliard d'euros;9,419 milliards d'euros;2;Le montant de la DETR pour 2016 est de 815 millions d'euros.
Quelle ressource est perçue par les syndicats de communes ?;La cotisation foncière des entreprises;La dotation d'intercommunalité;La taxe d'habitation;Les contributions communales;5;Le tableau récapitulatif indique que seuls les syndicats de communes perçoivent les contributions communales.
Quel est le montant minimum de la subvention DETR par rapport à la dépense d'investissement ?;10 %;20 %;50 %;80 %;3;La subvention doit correspondre à au moins 20 % de la dépense d'investissement direct.
Quelle est la durée de l'étude utilisée pour l'analyse rétrospective ?;3 ans;10 ans;5 ans;7 ans;4;L'analyse rétrospective est faite sur 5 ans à partir des résultats des cinq comptes administratifs.
Quelle démarche cherche à déterminer une capacité maximum d'emprunt ?;La prospective;La rétrospective;L'analyse de la dette;L'analyse de l'épargne;2;La prospective permet de simuler l'avenir et de rechercher une capacité maximum ou minimum d'emprunts.
Quel est l'un des objectifs de l'analyse financière ?;Évaluer le coût des compétences transférées;Fixer le montant des subventions;Déterminer les taux de taxe foncière;Calculer le montant de la DGF;2;L'évaluation du coût des compétences transférées est explicitement citée comme un objectif.
Quel ratio est obligatoire pour les communes de plus de 3 500 habitants ?;Coefficient de mobilisation du potentiel fiscal;Dépenses réelles de fonctionnement par habitant;Dépenses de personnel sur dépenses de fonctionnement;Encours de la dette sur recettes de fonctionnement;3;Le ratio dépenses réelles de fonctionnement/population est obligatoire dès 3 500 habitants.
Quel ratio supplémentaire est requis pour les communes de 10 000 habitants et plus ?;Dépenses d'équipement brut sur population;Dotation globale de fonctionnement par habitant;Dépenses de personnel sur dépenses de fonctionnement;Produit des impositions directes par habitant;4;Le ratio dépenses de personnel/dépenses réelles de fonctionnement est spécifique aux communes de 10 000 habitants et plus.
Pour les communes de 10 000 habitants et plus quel ratio lie la dette aux recettes ?;Encours de la dette sur recettes réelles de fonctionnement;Dépenses de personnel sur recettes de fonctionnement;Dépenses d'équipement sur recettes de fonctionnement;Encours de la dette sur dépenses réelles de fonctionnement;2;Le ratio encours de la dette/recettes réelles de fonctionnement est obligatoire pour les communes de 10 000 habitants et plus.
