Qui est seul habilité à manier les fonds des organismes publics locaux ?;L'ordonnateur local;Le comptable public;Le préfet de département;Le maire de la collectivité;3;Le comptable public est le seul habilité à manier les fonds après contrôle.
Sur quoi repose la responsabilité du comptable public lors du maniement des fonds ?;Sa responsabilité personnelle et pécuniaire;Sa responsabilité devant le maire;Sa responsabilité civile et pénale;Sa responsabilité hiérarchique directe;2;Le maniement des fonds engage sa responsabilité personnelle et pécuniaire.
Quel outil le comptable peut-il utiliser pour analyser la structure de la dette ?;Des avis du Conseil de normalisation;Des instructions du ministère de l'Intérieur;Des rapports de la Cour des comptes;Des bases de données et des outils informatiques;5;Il dispose de bases de données et d'outils informatiques pour ses analyses.
Que permet de réaliser l'analyse financière de la collectivité ?;Déterminer le montant des impôts directs locaux;Calculer uniquement le montant des recettes fiscales;Gérer les opérations de trésorerie courante;Faire ressortir les forces et les faiblesses financières;5;L'analyse financière vise à faire ressortir les forces et les faiblesses de la structure financière.
Quel est l'objectif de l'analyse financière ?;Déterminer le montant exact des impôts locaux à percevoir;Faire ressortir les forces et les faiblesses de la structure financière;Vérifier la validité juridique de tous les contrats de la collectivité;Calculer uniquement le montant total des recettes annuelles;3;Elle permet de caractériser la structure financière des comptes.
Comment est réalisée l'analyse prospective ?;Par une démarche conjointe de l'ordonnateur et de son comptable;Par une analyse automatique sans intervention des décideurs locaux;Par une étude statistique basée sur les moyennes nationales;Par un audit externe réalisé uniquement par la Cour des comptes;2;Elle procède d'une démarche conjointe entre l'ordonnateur et le comptable.
À quel moment le réseau d'alerte sur les finances locales peut-il déceler des difficultés ?;Uniquement lors de la présentation du compte administratif;Exactement le jour de la clôture de l'exercice budgétaire;Dès le printemps suivant la clôture de l'exercice;Au cours du mois de décembre de l'année en cours;4;Le dispositif permet de déceler les difficultés dès le printemps suivant la clôture.
Que peut évaluer l'analyse des risques pour une collectivité ?;Le nombre exact de salariés de la fonction publique territoriale;L'impact de ses engagements tels que les cautions ou garanties;Le montant précis des dotations de l'État pour l'année suivante;La valeur vénale de l'ensemble du patrimoine immobilier communal;3;Elle évalue l'impact des risques émanant des engagements comme les cautions.
Sur quoi s'appuie l'analyse rétrospective pour dresser un état des lieux ?;Sur le taux de croissance de la population locale;Sur la comparaison directe avec les budgets des régions voisines;Sur la richesse fiscale et les fragilités de la collectivité;Sur le nombre de factures payées par le comptable public;4;Elle permet d'établir un état des lieux de la richesse fiscale et des atouts.
Quel rôle joue France Domaine lors des opérations d'expropriation menées par les collectivités ?;Gestionnaire des biens vacants;Commissaire du Gouvernement;Conseiller en urbanisme;Expert de la commande publique;3;Il agit comme commissaire du Gouvernement pour éclairer objectivement l'évaluation du bien et les indemnités.
Que permet de faire France Domaine pour les projets immobiliers des collectivités ?;La rédaction des actes de vente;Le contrôle des permis de construire;L'analyse économique et financière;La gestion directe des baux;4;Il propose une analyse économique et financière des projets pour lesquels les collectivités sollicitent son avis.
Quelle est la conséquence du droit de priorité pour l'État-propriétaire ?;Il doit fixer les prix de vente;Il doit notifier son intention de vendre;Il peut vendre sans préavis;Il peut décider seul de l'urbanisme;3;L'État doit notifier son intention de vendre préalablement à toute cession de bien domanial.
À qui appartiennent désormais les biens sans maître en cas de renonciation des communes ?;Aux organismes intercommunaux;Aux préfectures;À l'État;Aux conseils départementaux;4;Les biens sans maître appartiennent aux communes ou, en cas de renonciation, à l'État.
Quelle est la mission de France Domaine concernant la valeur des immeubles ?;Déterminer le plan d'urbanisme;Estimer la valeur locative ou vénale;Gérer les taxes foncières;Attribuer les permis de construire;3;Il permet de disposer d'un avis sur la valeur locative ou vénale des biens pour élaborer la politique immobilière.
Quel service permet l'encaissement des produits locaux par carte bancaire via Internet ?;Le prélèvement SEPA;Le système Hélios;Le Titre Interbancaire de Paiement;Le dispositif TIPI;5;Le TIPI permet l'encaissement automatisé des produits locaux par carte bancaire sur Internet.
Qui est responsable de la constitution et de la tenue du fichier des usagers prélevés ?;L'ordonnateur;La DGFiP;Le préfet;Le comptable public;2;Le comptable ne disposant pas des fichiers permanents des usagers prélevés la responsabilité incombe à l'ordonnateur.
Comment peut s'effectuer le règlement des dépenses par carte bancaire pour un régisseur ?;Par chèque de banque certifié;Par prélèvement automatique;Par virement bancaire immédiat;Par carte nationale ou internationale VISA;5;Le régisseur peut utiliser une carte nationale ou internationale VISA adossée au compte de dépôt de la régie.
Quel outil permet de simplifier la chaîne de dépense via la dématérialisation de la facturation et le droit de commande ?;La carte d'achat;Le dispositif TIPI;Le système Hélios;Le prélèvement SEPA;2;La carte d'achat permet de passer des commandes de petit montant auprès de fournisseurs référencés.
Quel dispositif est proposé aux villes moyennes et communes rurales pour répondre à leurs besoins spécifiques ?;La convention de services comptables;Le contrat de gestion locale;Le tableau de bord de l'élu;L'engagement partenarial;5;L'engagement partenarial est proposé depuis 2010 pour les structures ne rentrant pas dans le périmètre des CSCF.
Qui est responsable du montage et du suivi de la convention de services comptable et financier ?;L'ordonnateur de la collectivité;Le directeur départemental ou régional;Le maire de la commune;Le représentant de la Cour des comptes;3;C'est le directeur départemental ou régional des Finances publiques qui est responsable du montage et du suivi.
Quel outil permet aux ordonnateurs d'accéder à des indicateurs de gestion financière après habilitation ?;Le portail Hélios;Le système de gestion domaniale;Le fichier des prélevés;Le tableau de bord de l'élu;5;Le tableau de bord de l'élu est un support dématérialisé permettant d'accéder à des indicateurs de gestion.
Quelle est la fréquence de la lettre d'information électronique du site collectivités-locales.gouv.fr ?;Mensuelle;Hebdomadaire;Trimestrielle;Bi-mensuelle;5;La lettre d'information est un outil qui informe régulièrement les abonnés de manière bi-mensuelle.
Quel est l'objectif principal de la démarche de dématérialisation engagée en 2004 ?;Réduire la consommation de papier pour protéger les espaces naturels et la biodiversité;Organiser une dématérialisation cohérente des flux entre ordonnateurs comptables et chambres régionales des comptes;Supprimer totalement l'usage des signatures manuscrites pour tous les documents administratifs;Automatiser le paiement des factures des fournisseurs par carte bancaire;3;L'objectif est d'organiser une dématérialisation cohérente et concertée des grands flux de documents papier entre les trois acteurs de la chaîne comptable et financière.
Quel outil gratuit permet de traiter et de visualiser les pièces justificatives dématérialisées ?;Hélios;PES;XéMéLios;TIPI;4;L'outil XéMéLios est mis à disposition gratuitement pour permettre de traiter et visualiser les pièces comptables et justificatives dématérialisées.
À partir de quelle date le passage au Protocole d'Échanges Standard (PES) est-il devenu obligatoire ?;Le 1er janvier 2014;Le 1er janvier 2010;Le 11 avril 2013;Le 1er janvier 2015;5;Le texte précise qu'à compter du 1er janvier 2015 le passage au PES sera obligatoire pour les collectivités dans leurs échanges avec la DGFiP.
Combien de feuilles de papier sont produites chaque année par les collectivités et les administrations concernées ?;Environ 110 000;Plus d'un milliard;Plus de 280 millions;Environ 530 millions;3;Le document indique que chaque année plus d'un milliard de feuilles de papier sont produites par les collectivités et les administrations.
Quel profil permet à un ordonnateur hospitalier de consulter les dossiers des praticiens ?;Le profil recettes;Le profil généraliste;Le profil activité libérale;Le profil dépenses;4;Le profil activité libérale permet la consultation des dossiers des praticiens et des bordereaux et avis de recouvrement et dépenses associés.
